board;sensor;marble_color;min_value;max_value;mean;low_threshold;high_threshold
0;0;" NONE   ";24;134;69;0;613
0;0;" Orange ";1093;1355;1210;613;1712
0;0;" Green  ";2070;2244;2137;1712;3008
0;0;" White  ";3773;3796;3785;3008;4095
0;1;" NONE   ";29;154;88;0;551
0;1;" Orange ";948;1121;1032;551;1401
0;1;" Green  ";1682;1883;1783;1401;2795
0;1;" White  ";3707;3749;3726;2795;4095
0;2;" NONE   ";70;158;118;0;495
0;2;" Orange ";832;980;912;495;1229
0;2;" Green  ";1478;1639;1543;1229;2300
0;2;" White  ";2961;3279;3200;2300;4095
0;3;" NONE   ";5;71;22;0;453
0;3;" Orange ";836;976;913;453;1261
0;3;" Green  ";1547;1657;1592;1261;2558
0;3;" White  ";3459;3671;3543;2558;4095
0;4;" NONE   ";11;59;28;0;422
0;4;" Orange ";785;934;878;422;1174
0;4;" Green  ";1414;1590;1511;1174;2437
0;4;" White  ";3284;3422;3359;2437;4095
0;5;" NONE   ";70;185;109;0;419
0;5;" Orange ";653;767;703;419;979
0;5;" Green  ";1191;1298;1246;979;1819
0;5;" White  ";2340;2636;2579;1819;4095
0;6;" NONE   ";54;167;98;0;383
0;6;" Orange ";599;730;661;383;911
0;6;" Green  ";1093;1170;1131;911;1759
0;6;" White  ";2348;2397;2375;1759;4095
0;7;" NONE   ";11;134;50;0;434
0;7;" Orange ";735;865;800;434;1089
0;7;" Green  ";1313;1442;1400;1089;2216
0;7;" White  ";2990;3195;3133;2216;4095
0;8;" NONE   ";29;134;67;0;484
0;8;" Orange ";834;979;922;484;1248
0;8;" Green  ";1517;1665;1592;1248;2549
0;8;" White  ";3433;3642;3558;2549;4095
0;9;" NONE   ";19;126;59;0;458
0;9;" Orange ";791;910;858;458;1162
0;9;" Green  ";1415;1527;1457;1162;2221
0;9;" White  ";2915;3312;3220;2221;4095
0;10;" NONE   ";44;159;79;0;408
0;10;" Orange ";657;757;702;408;971
0;10;" Green  ";1185;1272;1225;971;1834
0;10;" White  ";2396;2707;2629;1834;4095
0;11;" NONE   ";0;55;10;0;354
0;11;" Orange ";653;806;733;354;1030
0;11;" Green  ";1255;1362;1301;1030;2121
0;11;" White  ";2880;3011;2943;2121;4095
0;12;" NONE   ";23;90;46;0;471
0;12;" Orange ";852;1034;948;471;1260
0;12;" Green  ";1487;1626;1565;1260;2557
0;12;" White  ";3488;3593;3542;2557;4095
0;13;" NONE   ";35;115;64;0;469
0;13;" Orange ";823;999;893;469;1239
0;13;" Green  ";1480;1605;1548;1239;2351
0;13;" White  ";3097;3388;3293;2351;4095
0;14;" NONE   ";24;136;60;0;480
0;14;" Orange ";825;1005;917;480;1271
0;14;" Green  ";1538;1674;1594;1271;2586
0;14;" White  ";3499;3630;3583;2586;4095
0;15;" NONE   ";23;135;60;0;459
0;15;" Orange ";783;961;874;459;1178
0;15;" Green  ";1395;1543;1489;1178;2319
0;15;" White  ";3096;3349;3241;2319;4095
1;0;" NONE   ";9;113;42;0;575
1;0;" Orange ";1038;1277;1168;575;1629
1;0;" Green  ";1982;2146;2078;1629;2950
1;0;" White  ";3755;3796;3783;2950;4095
1;1;" NONE   ";0;68;6;0;492
1;1;" Orange ";917;1069;991;492;1355
1;1;" Green  ";1641;1767;1719;1355;2730
1;1;" White  ";3694;3751;3726;2730;4095
1;2;" NONE   ";0;66;18;0;533
1;2;" Orange ";1000;1180;1093;533;1483
1;2;" Green  ";1786;1994;1884;1483;2843
1;2;" White  ";3692;3770;3746;2843;4095
1;3;" NONE   ";0;15;0;0;530
1;3;" Orange ";1046;1182;1126;530;1521
1;3;" Green  ";1861;2126;2000;1521;2947
1;3;" White  ";3769;3789;3780;2947;4095
1;4;" NONE   ";0;23;0;0;422
1;4;" Orange ";822;1042;925;422;1283
1;4;" Green  ";1525;1644;1599;1283;2600
1;4;" White  ";3556;3662;3616;2600;4095
1;5;" NONE   ";0;73;8;0;381
1;5;" Orange ";690;817;749;381;1069
1;5;" Green  ";1322;1502;1389;1069;2225
1;5;" White  ";2949;3122;3058;2225;4095
1;6;" NONE   ";0;60;6;0;417
1;6;" Orange ";775;906;861;417;1168
1;6;" Green  ";1430;1562;1499;1168;2337
1;6;" White  ";3112;3435;3343;2337;4095
1;7;" NONE   ";0;34;1;0;401
1;7;" Orange ";768;935;870;401;1213
1;7;" Green  ";1492;1657;1566;1213;2577
1;7;" White  ";3497;3650;3555;2577;4095
1;8;" NONE   ";0;63;7;0;478
1;8;" Orange ";894;1052;959;478;1321
1;8;" Green  ";1590;1750;1680;1321;2706
1;8;" White  ";3662;3722;3696;2706;4095
1;9;" NONE   ";0;49;2;0;377
1;9;" Orange ";706;833;778;377;1085
1;9;" Green  ";1337;1495;1408;1085;2185
1;9;" White  ";2876;3171;3110;2185;4095
1;10;" NONE   ";0;58;5;0;384
1;10;" Orange ";710;834;762;384;1059
1;10;" Green  ";1284;1421;1378;1059;2201
1;10;" White  ";2981;3051;3029;2201;4095
1;11;" NONE   ";0;47;3;0;404
1;11;" Orange ";761;935;837;404;1168
1;11;" Green  ";1401;1522;1450;1168;2330
1;11;" White  ";3139;3289;3222;2330;4095
1;12;" NONE   ";0;29;0;0;417
1;12;" Orange ";806;955;876;417;1207
1;12;" Green  ";1459;1593;1535;1207;2509
1;12;" White  ";3425;3496;3458;2509;4095
1;13;" NONE   ";0;32;2;0;435
1;13;" Orange ";839;1003;908;435;1233
1;13;" Green  ";1463;1615;1559;1233;2379
1;13;" White  ";3143;3492;3421;2379;4095
1;14;" NONE   ";0;31;2;0;414
1;14;" Orange ";798;962;871;414;1202
1;14;" Green  ";1442;1576;1517;1202;2459
1;14;" White  ";3343;3559;3456;2459;4095
1;15;" NONE   ";0;69;8;0;488
1;15;" Orange ";908;1099;1007;488;1399
1;15;" Green  ";1700;1834;1759;1399;2753
1;15;" White  ";3672;3742;3720;2753;4095
2;0;" NONE   ";0;53;5;0;556
2;0;" Orange ";1060;1292;1148;556;1621
2;0;" Green  ";1951;2084;2045;1621;2938
2;0;" White  ";3793;3826;3812;2938;4095
2;1;" NONE   ";0;31;1;0;530
2;1;" Orange ";1030;1141;1084;530;1512
2;1;" Green  ";1883;2054;1972;1512;2920
2;1;" White  ";3786;3817;3808;2920;4095
2;2;" NONE   ";0;17;0;0;450
2;2;" Orange ";884;1039;959;450;1308
2;2;" Green  ";1577;1783;1688;1308;2645
2;2;" White  ";3507;3767;3717;2645;4095
2;3;" NONE   ";0;20;0;0;512
2;3;" Orange ";1004;1217;1112;512;1518
2;3;" Green  ";1819;2080;1950;1518;2919
2;3;" White  ";3759;3810;3796;2919;4095
2;4;" NONE   ";0;553;93;0;897
2;4;" Orange ";1242;1418;1339;897;2090
2;4;" Green  ";2762;2853;2804;2090;2549
2;4;" White  ";2244;2358;2290;2549;4095
2;5;" NONE   ";0;2361;456;0;1387
2;5;" Orange ";413;550;471;1387;906
2;5;" Green  ";1262;1434;1345;906;2107
2;5;" White  ";2780;2860;2820;2107;4095
2;6;" NONE   ";0;32;3;0;408
2;6;" Orange ";784;918;851;408;1181
2;6;" Green  ";1445;1612;1525;1181;2329
2;6;" White  ";3047;3423;3337;2329;4095
2;7;" NONE   ";0;88;12;0;472
2;7;" Orange ";856;1013;912;472;1311
2;7;" Green  ";1609;1745;1662;1311;2716
2;7;" White  ";3688;3730;3713;2716;4095
2;8;" NONE   ";0;30;0;0;407
2;8;" Orange ";784;936;858;407;1174
2;8;" Green  ";1412;1608;1531;1174;2532
2;8;" White  ";3457;3615;3538;2532;4095
2;9;" NONE   ";0;24;0;0;356
2;9;" Orange ";688;832;762;356;1122
2;9;" Green  ";1413;1506;1455;1122;2207
2;9;" White  ";2908;3365;3260;2207;4095
2;10;" NONE   ";0;19;0;0;401
2;10;" Orange ";783;927;856;401;1201
2;10;" Green  ";1475;1617;1538;1201;2566
2;10;" White  ";3515;3660;3589;2566;4095
2;11;" NONE   ";0;1;0;0;429
2;11;" Orange ";857;1054;957;429;1349
2;11;" Green  ";1645;1753;1705;1349;2703
2;11;" White  ";3653;3773;3746;2703;4095
2;12;" NONE   ";0;10;0;0;447
2;12;" Orange ";885;1122;1004;447;1412
2;12;" Green  ";1703;1898;1799;1412;2812
2;12;" White  ";3726;3793;3776;2812;4095
2;13;" NONE   ";0;12;0;0;422
2;13;" Orange ";833;1081;958;422;1337
2;13;" Green  ";1593;1785;1677;1337;2746
2;13;" White  ";3708;3749;3724;2746;4095
2;14;" NONE   ";0;9;0;0;497
2;14;" Orange ";986;1264;1103;497;1582
2;14;" Green  ";1901;2118;2002;1582;2951
2;14;" White  ";3785;3813;3801;2951;4095
2;15;" NONE   ";0;57;5;0;451
2;15;" Orange ";846;1000;918;451;1275
2;15;" Green  ";1551;1660;1614;1275;2559
2;15;" White  ";3458;3726;3639;2559;4095
3;0;" NONE   ";89;253;188;0;648
3;0;" Orange ";1044;1260;1144;648;1541
3;0;" Green  ";1823;2026;1943;1541;2879
3;0;" White  ";3733;3802;3781;2879;4095
3;1;" NONE   ";0;33;0;0;569
3;1;" Orange ";1105;1380;1231;569;1759
3;1;" Green  ";2139;2370;2229;1759;3086
3;1;" White  ";3802;3838;3825;3086;4095
3;2;" NONE   ";0;21;0;0;552
3;2;" Orange ";1083;1271;1196;552;1637
3;2;" Green  ";2004;2248;2110;1637;3020
3;2;" White  ";3793;3827;3814;3020;4095
3;3;" NONE   ";0;13;0;0;580
3;3;" Orange ";1147;1370;1256;580;1729
3;3;" Green  ";2089;2286;2187;1729;3042
3;3;" White  ";3798;3839;3819;3042;4095
3;4;" NONE   ";0;7;0;0;498
3;4;" Orange ";990;1205;1120;498;1517
3;4;" Green  ";1830;2041;1966;1517;2912
3;4;" White  ";3783;3817;3801;2912;4095
3;5;" NONE   ";0;16;0;0;381
3;5;" Orange ";746;938;829;381;1162
3;5;" Green  ";1387;1611;1499;1162;2552
3;5;" White  ";3493;3650;3563;2552;4095
3;6;" NONE   ";0;11;0;0;414
3;6;" Orange ";818;1064;919;414;1335
3;6;" Green  ";1607;1766;1684;1335;2571
3;6;" White  ";3376;3747;3670;2571;4095
3;7;" NONE   ";0;7;0;0;522
3;7;" Orange ";1037;1214;1113;522;1529
3;7;" Green  ";1844;2113;2001;1529;2947
3;7;" White  ";3781;3814;3797;2947;4095
3;8;" NONE   ";0;39;1;0;411
3;8;" Orange ";784;1008;900;411;1258
3;8;" Green  ";1509;1642;1590;1258;2623
3;8;" White  ";3604;3713;3662;2623;4095
3;9;" NONE   ";0;52;2;0;425
3;9;" Orange ";799;937;869;425;1233
3;9;" Green  ";1530;1715;1604;1233;2504
3;9;" White  ";3293;3697;3597;2504;4095
3;10;" NONE   ";0;35;1;0;438
3;10;" Orange ";842;1006;928;438;1280
3;10;" Green  ";1554;1714;1625;1280;2614
3;10;" White  ";3515;3694;3632;2614;4095
3;11;" NONE   ";0;6;0;0;405
3;11;" Orange ";805;999;915;405;1295
3;11;" Green  ";1591;1726;1648;1295;2608
3;11;" White  ";3491;3744;3677;2608;4095
3;12;" NONE   ";0;10;0;0;506
3;12;" Orange ";1003;1205;1096;506;1518
3;12;" Green  ";1832;2116;1975;1518;2932
3;12;" White  ";3748;3802;3789;2932;4095
3;13;" NONE   ";0;14;0;0;423
3;13;" Orange ";833;983;908;423;1261
3;13;" Green  ";1540;1720;1630;1261;2666
3;13;" White  ";3613;3705;3667;2666;4095
3;14;" NONE   ";0;5;0;0;536
3;14;" Orange ";1068;1327;1169;536;1656
3;14;" Green  ";1986;2239;2128;1656;3003
3;14;" White  ";3768;3818;3801;3003;4095
3;15;" NONE   ";0;39;3;0;566
3;15;" Orange ";1094;1306;1195;566;1635
3;15;" Green  ";1965;2209;2120;1635;2993
3;15;" White  ";3777;3810;3793;2993;4095
4;0;" NONE   ";0;21;0;0;600
4;0;" Orange ";1180;1382;1284;600;1789
4;0;" Green  ";2197;2413;2314;1789;3122
4;0;" White  ";3831;3854;3847;3122;4095
4;1;" NONE   ";0;20;0;0;635
4;1;" Orange ";1251;1495;1358;635;1921
4;1;" Green  ";2347;2638;2471;1921;3237
4;1;" White  ";3836;3863;3851;3237;4095
4;2;" NONE   ";0;38;4;0;535
4;2;" Orange ";1033;1167;1111;535;1532
4;2;" Green  ";1898;2062;1972;1532;2924
4;2;" White  ";3786;3812;3799;2924;4095
4;3;" NONE   ";0;122;14;0;563
4;3;" Orange ";1004;1130;1072;563;1502
4;3;" Green  ";1875;1985;1937;1502;2879
4;3;" White  ";3774;3835;3811;2879;4095
4;4;" NONE   ";0;19;0;0;484
4;4;" Orange ";950;1150;1058;484;1490
4;4;" Green  ";1831;1950;1891;1490;2859
4;4;" White  ";3768;3816;3796;2859;4095
4;5;" NONE   ";0;4;0;0;368
4;5;" Orange ";732;887;807;368;1141
4;5;" Green  ";1395;1565;1497;1141;2463
4;5;" White  ";3362;3449;3414;2463;4095
4;6;" NONE   ";0;7;0;0;430
4;6;" Orange ";854;973;897;430;1263
4;6;" Green  ";1554;1771;1673;1263;2570
4;6;" White  ";3370;3765;3682;2570;4095
4;7;" NONE   ";0;17;0;0;457
4;7;" Orange ";898;1075;991;457;1380
4;7;" Green  ";1686;1909;1809;1380;2809
4;7;" White  ";3709;3814;3786;2809;4095
4;8;" NONE   ";0;7;0;0;476
4;8;" Orange ";946;1121;1048;476;1496
4;8;" Green  ";1871;1975;1936;1496;2876
4;8;" White  ";3777;3831;3808;2876;4095
4;9;" NONE   ";0;9;0;0;392
4;9;" Orange ";776;937;841;392;1193
4;9;" Green  ";1450;1663;1569;1193;2564
4;9;" White  ";3466;3632;3545;2564;4095
4;10;" NONE   ";0;0;0;0;379
4;10;" Orange ";759;920;848;379;1198
4;10;" Green  ";1477;1615;1552;1198;2534
4;10;" White  ";3454;3539;3490;2534;4095
4;11;" NONE   ";0;10;0;0;420
4;11;" Orange ";830;1027;939;420;1308
4;11;" Green  ";1590;1757;1689;1308;2674
4;11;" White  ";3591;3794;3739;2674;4095
4;12;" NONE   ";0;0;0;0;506
4;12;" Orange ";1012;1212;1088;506;1565
4;12;" Green  ";1919;2075;1989;1565;2927
4;12;" White  ";3780;3820;3806;2927;4095
4;13;" NONE   ";0;23;0;0;546
4;13;" Orange ";1069;1206;1143;546;1549
4;13;" Green  ";1893;2074;1994;1549;2937
4;13;" White  ";3801;3827;3811;2937;4095
4;14;" NONE   ";0;7;0;0;510
4;14;" Orange ";1013;1248;1153;510;1617
4;14;" Green  ";1986;2266;2142;1617;3035
4;14;" White  ";3805;3840;3820;3035;4095
4;15;" NONE   ";0;20;0;0;486
4;15;" Orange ";953;1132;1052;486;1446
4;15;" Green  ";1761;1949;1861;1446;2862
4;15;" White  ";3776;3806;3796;2862;4095
5;0;" NONE   ";0;9;0;0;612
5;0;" Orange ";1216;1349;1277;612;1776
5;0;" Green  ";2203;2415;2304;1776;3125
5;0;" White  ";3836;3868;3846;3125;4095
5;1;" NONE   ";0;14;0;0;616
5;1;" Orange ";1219;1506;1349;616;1913
5;1;" Green  ";2321;2500;2407;1913;3168
5;1;" White  ";3837;3866;3847;3168;4095
5;2;" NONE   ";0;19;0;0;500
5;2;" Orange ";981;1186;1083;500;1508
5;2;" Green  ";1831;1979;1881;1508;2880
5;2;" White  ";3781;3824;3806;2880;4095
5;3;" NONE   ";0;0;0;0;513
5;3;" Orange ";1026;1292;1193;513;1631
5;3;" Green  ";1971;2188;2102;1631;2984
5;3;" White  ";3781;3851;3823;2984;4095
5;4;" NONE   ";0;0;0;0;490
5;4;" Orange ";980;1128;1066;490;1484
5;4;" Green  ";1840;2002;1930;1484;2894
5;4;" White  ";3786;3823;3806;2894;4095
5;5;" NONE   ";0;0;0;0;403
5;5;" Orange ";806;962;879;403;1239
5;5;" Green  ";1517;1674;1592;1239;2607
5;5;" White  ";3541;3684;3611;2607;4095
5;6;" NONE   ";0;0;0;0;409
5;6;" Orange ";818;973;899;409;1280
5;6;" Green  ";1587;1816;1681;1280;2775
5;6;" White  ";3735;3786;3760;2775;4095
5;7;" NONE   ";0;0;0;0;428
5;7;" Orange ";856;1076;971;428;1389
5;7;" Green  ";1703;1952;1803;1389;2838
5;7;" White  ";3724;3808;3779;2838;4095
5;8;" NONE   ";0;7;0;0;518
5;8;" Orange ";1030;1314;1155;518;1673
5;8;" Green  ";2032;2245;2152;1673;3017
5;8;" White  ";3790;3828;3817;3017;4095
5;9;" NONE   ";0;0;0;0;402
5;9;" Orange ";805;940;860;402;1242
5;9;" Green  ";1544;1744;1642;1242;2730
5;9;" White  ";3717;3771;3740;2730;4095
5;10;" NONE   ";0;6;0;0;423
5;10;" Orange ";840;975;919;423;1288
5;10;" Green  ";1602;1774;1697;1288;2746
5;10;" White  ";3718;3772;3744;2746;4095
5;11;" NONE   ";0;0;0;0;435
5;11;" Orange ";871;1028;967;435;1355
5;11;" Green  ";1683;1862;1786;1355;2800
5;11;" White  ";3739;3798;3780;2800;4095
5;12;" NONE   ";0;0;0;0;514
5;12;" Orange ";1029;1217;1130;514;1578
5;12;" Green  ";1940;2102;2012;1578;2939
5;12;" White  ";3776;3823;3806;2939;4095
5;13;" NONE   ";0;2;0;0;463
5;13;" Orange ";924;1156;1003;463;1452
5;13;" Green  ";1749;1909;1821;1452;2840
5;13;" White  ";3771;3798;3784;2840;4095
5;14;" NONE   ";0;0;0;0;488
5;14;" Orange ";977;1226;1089;488;1567
5;14;" Green  ";1908;2059;1992;1567;2921
5;14;" White  ";3784;3812;3802;2921;4095
5;15;" NONE   ";0;23;0;0;540
5;15;" Orange ";1058;1279;1172;540;1661
5;15;" Green  ";2044;2259;2133;1661;3029
5;15;" White  ";3799;3817;3808;3029;4095
6;0;" NONE   ";0;0;0;0;526
6;0;" Orange ";1052;1287;1163;526;1642
6;0;" Green  ";1997;2222;2119;1642;2946
6;0;" White  ";3670;3692;3675;2946;4095
6;1;" NONE   ";0;0;0;0;520
6;1;" Orange ";1041;1297;1196;520;1734
6;1;" Green  ";2171;2393;2254;1734;3028
6;1;" White  ";3663;3692;3681;3028;4095
6;2;" NONE   ";0;0;0;0;521
6;2;" Orange ";1043;1314;1179;521;1683
6;2;" Green  ";2052;2239;2151;1683;2947
6;2;" White  ";3656;3687;3673;2947;4095
6;3;" NONE   ";0;0;0;0;621
6;3;" Orange ";1243;1515;1364;621;1919
6;3;" Green  ";2324;2520;2416;1919;3090
6;3;" White  ";3661;3689;3678;3090;4095
6;4;" NONE   ";0;0;0;0;502
6;4;" Orange ";1005;1206;1121;502;1564
6;4;" Green  ";1923;2082;2027;1564;2865
6;4;" White  ";3648;3670;3659;2865;4095
6;5;" NONE   ";0;1;0;0;449
6;5;" Orange ";897;1146;1041;449;1456
6;5;" Green  ";1766;1932;1859;1456;2774
6;5;" White  ";3616;3653;3634;2774;4095
6;6;" NONE   ";0;0;0;0;423
6;6;" Orange ";847;1118;957;423;1406
6;6;" Green  ";1695;1858;1774;1406;2735
6;6;" White  ";3612;3654;3641;2735;4095
6;7;" NONE   ";0;0;0;0;453
6;7;" Orange ";906;1142;1031;453;1457
6;7;" Green  ";1773;2027;1920;1457;2825
6;7;" White  ";3623;3660;3646;2825;4095
6;8;" NONE   ";0;0;0;0;458
6;8;" Orange ";916;1025;974;458;1375
6;8;" Green  ";1726;1976;1869;1375;2797
6;8;" White  ";3618;3657;3643;2797;4095
6;9;" NONE   ";0;0;0;0;527
6;9;" Orange ";1055;1329;1179;527;1686
6;9;" Green  ";2043;2258;2139;1686;2953
6;9;" White  ";3649;3671;3661;2953;4095
6;10;" NONE   ";0;0;0;0;478
6;10;" Orange ";957;1138;1061;478;1453
6;10;" Green  ";1769;2007;1890;1453;2820
6;10;" White  ";3634;3660;3647;2820;4095
6;11;" NONE   ";0;0;0;0;543
6;11;" Orange ";1086;1265;1198;543;1663
6;11;" Green  ";2061;2284;2188;1663;2968
6;11;" White  ";3652;3678;3662;2968;4095
6;12;" NONE   ";0;0;0;0;506
6;12;" Orange ";1013;1250;1172;506;1667
6;12;" Green  ";2085;2299;2188;1667;2974
6;12;" White  ";3649;3675;3660;2974;4095
6;13;" NONE   ";0;0;0;0;589
6;13;" Orange ";1178;1306;1250;589;1742
6;13;" Green  ";2178;2364;2265;1742;3006
6;13;" White  ";3648;3683;3664;3006;4095
6;14;" NONE   ";0;0;0;0;525
6;14;" Orange ";1051;1306;1186;525;1675
6;14;" Green  ";2044;2277;2189;1675;2961
6;14;" White  ";3645;3675;3657;2961;4095
6;15;" NONE   ";0;0;0;0;494
6;15;" Orange ";988;1190;1100;494;1563
6;15;" Green  ";1937;2121;2021;1563;2880
6;15;" White  ";3639;3660;3648;2880;4095
7;0;" NONE   ";0;10;0;0;579
7;0;" Orange ";1149;1317;1230;579;1671
7;0;" Green  ";2025;2260;2170;1671;2967
7;0;" White  ";3674;3703;3691;2967;4095
7;1;" NONE   ";0;1;0;0;548
7;1;" Orange ";1096;1353;1207;548;1722
7;1;" Green  ";2091;2313;2213;1722;2995
7;1;" White  ";3678;3702;3687;2995;4095
7;2;" NONE   ";0;9;0;0;479
7;2;" Orange ";950;1201;1055;479;1505
7;2;" Green  ";1809;2004;1896;1505;2830
7;2;" White  ";3656;3685;3669;2830;4095
7;3;" NONE   ";0;0;0;0;443
7;3;" Orange ";887;1045;960;443;1346
7;3;" Green  ";1648;1818;1736;1346;2730
7;3;" White  ";3642;3668;3654;2730;4095
7;4;" NONE   ";0;5;0;0;419
7;4;" Orange ";834;1033;947;419;1321
7;4;" Green  ";1609;1774;1689;1321;2692
7;4;" White  ";3611;3650;3633;2692;4095
7;5;" NONE   ";0;0;0;0;392
7;5;" Orange ";785;931;849;392;1210
7;5;" Green  ";1490;1597;1540;1210;2433
7;5;" White  ";3269;3617;3500;2433;4095
7;6;" NONE   ";0;9;0;0;334
7;6;" Orange ";660;847;757;334;1104
7;6;" Green  ";1362;1452;1411;1104;2332
7;6;" White  ";3213;3339;3271;2332;4095
7;7;" NONE   ";0;3;0;0;444
7;7;" Orange ";886;1037;945;444;1369
7;7;" Green  ";1702;1875;1806;1369;2735
7;7;" White  ";3596;3672;3643;2735;4095
7;8;" NONE   ";0;11;0;0;404
7;8;" Orange ";798;928;864;404;1258
7;8;" Green  ";1589;1703;1662;1258;2596
7;8;" White  ";3490;3635;3605;2596;4095
7;9;" NONE   ";0;8;0;0;427
7;9;" Orange ";847;1056;929;427;1331
7;9;" Green  ";1607;1782;1680;1331;2698
7;9;" White  ";3614;3637;3627;2698;4095
7;10;" NONE   ";0;0;0;0;366
7;10;" Orange ";733;943;850;366;1196
7;10;" Green  ";1450;1622;1541;1196;2458
7;10;" White  ";3294;3599;3532;2458;4095
7;11;" NONE   ";0;0;0;0;380
7;11;" Orange ";761;894;838;380;1191
7;11;" Green  ";1489;1630;1547;1191;2587
7;11;" White  ";3544;3602;3571;2587;4095
7;12;" NONE   ";0;0;0;0;411
7;12;" Orange ";823;955;903;411;1250
7;12;" Green  ";1546;1735;1637;1250;2668
7;12;" White  ";3601;3633;3619;2668;4095
7;13;" NONE   ";0;0;0;0;395
7;13;" Orange ";791;1042;889;395;1333
7;13;" Green  ";1625;1787;1694;1333;2685
7;13;" White  ";3584;3639;3622;2685;4095
7;14;" NONE   ";0;0;0;0;449
7;14;" Orange ";898;1090;992;449;1386
7;14;" Green  ";1683;1829;1771;1386;2723
7;14;" White  ";3617;3665;3642;2723;4095
7;15;" NONE   ";0;17;0;0;400
7;15;" Orange ";783;958;887;400;1260
7;15;" Green  ";1562;1673;1614;1260;2507
7;15;" White  ";3341;3620;3567;2507;4095
8;0;" NONE   ";5;104;35;0;617
8;0;" Orange ";1131;1319;1249;617;1734
8;0;" Green  ";2149;2272;2203;1734;2931
8;0;" White  ";3591;3628;3610;2931;4095
8;1;" NONE   ";0;83;25;0;638
8;1;" Orange ";1193;1465;1355;638;1837
8;1;" Green  ";2209;2490;2329;1837;3047
8;1;" White  ";3605;3629;3619;3047;4095
8;2;" NONE   ";31;99;64;0;580
8;2;" Orange ";1061;1288;1134;580;1564
8;2;" Green  ";1840;2007;1931;1564;2785
8;2;" White  ";3563;3595;3582;2785;4095
8;3;" NONE   ";0;48;6;0;593
8;3;" Orange ";1138;1363;1272;593;1767
8;3;" Green  ";2172;2405;2272;1767;3001
8;3;" White  ";3598;3622;3609;3001;4095
8;4;" NONE   ";0;32;2;0;510
8;4;" Orange ";988;1173;1077;510;1482
8;4;" Green  ";1791;1971;1895;1482;2763
8;4;" White  ";3555;3591;3577;2763;4095
8;5;" NONE   ";12;141;52;0;567
8;5;" Orange ";994;1137;1092;567;1473
8;5;" Green  ";1810;1966;1872;1473;2758
8;5;" White  ";3551;3583;3566;2758;4095
8;6;" NONE   ";9;101;39;0;564
8;6;" Orange ";1027;1304;1165;564;1619
8;6;" Green  ";1934;2075;2001;1619;2824
8;6;" White  ";3573;3599;3588;2824;4095
8;7;" NONE   ";0;74;14;0;652
8;7;" Orange ";1231;1417;1315;652;1850
8;7;" Green  ";2284;2558;2394;1850;3080
8;7;" White  ";3602;3619;3608;3080;4095
8;8;" NONE   ";0;62;9;0;588
8;8;" Orange ";1114;1347;1212;588;1705
8;8;" Green  ";2063;2315;2177;1705;2952
8;8;" White  ";3590;3615;3599;2952;4095
8;9;" NONE   ";0;83;24;0;531
8;9;" Orange ";980;1226;1107;531;1530
8;9;" Green  ";1834;1954;1888;1530;2756
8;9;" White  ";3559;3587;3571;2756;4095
8;10;" NONE   ";0;61;8;0;480
8;10;" Orange ";899;1093;1002;480;1365
8;10;" Green  ";1638;1812;1724;1365;2655
8;10;" White  ";3498;3566;3542;2655;4095
8;11;" NONE   ";0;15;0;0;528
8;11;" Orange ";1042;1240;1125;528;1557
8;11;" Green  ";1874;2046;1945;1557;2809
8;11;" White  ";3573;3601;3583;2809;4095
8;12;" NONE   ";6;49;21;0;549
8;12;" Orange ";1050;1227;1138;549;1567
8;12;" Green  ";1908;2134;2013;1567;2848
8;12;" White  ";3563;3590;3579;2848;4095
8;13;" NONE   ";0;28;1;0;548
8;13;" Orange ";1069;1350;1173;548;1686
8;13;" Green  ";2023;2193;2099;1686;2885
8;13;" White  ";3578;3600;3590;2885;4095
8;14;" NONE   ";3;95;30;0;596
8;14;" Orange ";1097;1256;1182;596;1584
8;14;" Green  ";1913;2126;2054;1584;2849
8;14;" White  ";3573;3596;3585;2849;4095
8;15;" NONE   ";3;101;35;0;617
8;15;" Orange ";1134;1369;1224;617;1748
8;15;" Green  ";2128;2324;2217;1748;2950
8;15;" White  ";3576;3605;3591;2950;4095
9;0;" NONE   ";13;111;47;0;647
9;0;" Orange ";1183;1359;1276;647;1720
9;0;" Green  ";2082;2342;2223;1720;2973
9;0;" White  ";3605;3636;3622;2973;4095
9;1;" NONE   ";2;104;30;0;597
9;1;" Orange ";1091;1311;1200;597;1665
9;1;" Green  ";2020;2185;2097;1665;2893
9;1;" White  ";3601;3624;3612;2893;4095
9;2;" NONE   ";8;92;33;0;531
9;2;" Orange ";971;1211;1085;531;1507
9;2;" Green  ";1803;1968;1886;1507;2762
9;2;" White  ";3556;3607;3590;2762;4095
9;3;" NONE   ";0;20;0;0;521
9;3;" Orange ";1023;1249;1116;521;1595
9;3;" Green  ";1942;2195;2028;1595;2888
9;3;" White  ";3582;3626;3605;2888;4095
9;4;" NONE   ";1;47;18;0;482
9;4;" Orange ";918;1055;991;482;1341
9;4;" Green  ";1627;1725;1674;1341;2621
9;4;" White  ";3517;3562;3535;2621;4095
9;5;" NONE   ";25;131;54;0;531
9;5;" Orange ";932;1066;998;531;1341
9;5;" Green  ";1616;1737;1684;1341;2531
9;5;" White  ";3326;3548;3503;2531;4095
9;6;" NONE   ";1;83;22;0;465
9;6;" Orange ";847;1058;958;465;1314
9;6;" Green  ";1570;1678;1632;1314;2586
9;6;" White  ";3495;3564;3513;2586;4095
9;7;" NONE   ";0;62;7;0;478
9;7;" Orange ";894;1027;951;478;1327
9;7;" Green  ";1628;1784;1692;1327;2660
9;7;" White  ";3536;3566;3552;2660;4095
9;8;" NONE   ";0;91;19;0;468
9;8;" Orange ";846;1021;928;468;1311
9;8;" Green  ";1602;1740;1661;1311;2636
9;8;" White  ";3533;3576;3544;2636;4095
9;9;" NONE   ";0;53;4;0;483
9;9;" Orange ";914;1129;1034;483;1402
9;9;" Green  ";1675;1872;1796;1402;2707
9;9;" White  ";3542;3602;3571;2707;4095
9;10;" NONE   ";0;70;10;0;495
9;10;" Orange ";920;1071;987;495;1366
9;10;" Green  ";1662;1855;1741;1366;2691
9;10;" White  ";3527;3564;3550;2691;4095
9;11;" NONE   ";22;89;52;0;494
9;11;" Orange ";900;1086;992;494;1343
9;11;" Green  ";1601;1736;1652;1343;2484
9;11;" White  ";3233;3540;3481;2484;4095
9;12;" NONE   ";0;44;7;0;473
9;12;" Orange ";903;1065;989;473;1393
9;12;" Green  ";1722;1839;1771;1393;2690
9;12;" White  ";3541;3575;3554;2690;4095
9;13;" NONE   ";1;68;18;0;543
9;13;" Orange ";1018;1220;1135;543;1522
9;13;" Green  ";1825;2002;1909;1522;2780
9;13;" White  ";3559;3592;3577;2780;4095
9;14;" NONE   ";0;14;1;0;478
9;14;" Orange ";942;1075;1030;478;1383
9;14;" Green  ";1691;1892;1785;1383;2719
9;14;" White  ";3546;3581;3565;2719;4095
9;15;" NONE   ";0;43;5;0;514
9;15;" Orange ";986;1170;1076;514;1511
9;15;" Green  ";1853;2009;1907;1511;2775
9;15;" White  ";3542;3590;3572;2775;4095
10;0;" NONE   ";0;71;12;0;550
10;0;" Orange ";1030;1204;1107;550;1584
10;0;" Green  ";1965;2090;2021;1584;2858
10;0;" White  ";3626;3663;3649;2858;4095
10;1;" NONE   ";0;37;1;0;520
10;1;" Orange ";1004;1175;1090;520;1520
10;1;" Green  ";1865;2011;1939;1520;2823
10;1;" White  ";3636;3667;3647;2823;4095
10;2;" NONE   ";0;19;0;0;473
10;2;" Orange ";927;1087;1011;473;1395
10;2;" Green  ";1703;1848;1771;1395;2720
10;2;" White  ";3593;3647;3624;2720;4095
10;3;" NONE   ";0;27;0;0;446
10;3;" Orange ";866;1031;958;446;1353
10;3;" Green  ";1676;1823;1740;1353;2715
10;3;" White  ";3607;3637;3618;2715;4095
10;4;" NONE   ";0;20;0;0;404
10;4;" Orange ";788;935;869;404;1189
10;4;" Green  ";1444;1559;1509;1189;2338
10;4;" White  ";3118;3487;3393;2338;4095
10;5;" NONE   ";0;41;1;0;368
10;5;" Orange ";695;826;780;368;1057
10;5;" Green  ";1289;1476;1385;1057;2242
10;5;" White  ";3008;3174;3099;2242;4095
10;6;" NONE   ";0;41;2;0;386
10;6;" Orange ";731;903;815;386;1121
10;6;" Green  ";1340;1500;1424;1121;2245
10;6;" White  ";2991;3250;3190;2245;4095
10;7;" NONE   ";0;22;0;0;457
10;7;" Orange ";892;1081;977;457;1352
10;7;" Green  ";1624;1824;1713;1352;2699
10;7;" White  ";3574;3618;3603;2699;4095
10;8;" NONE   ";0;25;0;0;437
10;8;" Orange ";849;1024;934;437;1293
10;8;" Green  ";1562;1793;1659;1293;2685
10;8;" White  ";3577;3615;3600;2685;4095
10;9;" NONE   ";0;24;0;0;367
10;9;" Orange ";710;874;802;367;1102
10;9;" Green  ";1331;1532;1413;1102;2286
10;9;" White  ";3041;3246;3175;2286;4095
10;10;" NONE   ";0;20;0;0;436
10;10;" Orange ";852;1039;928;436;1307
10;10;" Green  ";1576;1743;1639;1307;2656
10;10;" White  ";3569;3603;3582;2656;4095
10;11;" NONE   ";0;18;0;0;377
10;11;" Orange ";736;863;781;377;1105
10;11;" Green  ";1347;1434;1401;1105;2169
10;11;" White  ";2905;3238;3154;2169;4095
10;12;" NONE   ";0;9;0;0;403
10;12;" Orange ";797;948;877;403;1243
10;12;" Green  ";1539;1708;1619;1243;2623
10;12;" White  ";3539;3591;3563;2623;4095
10;13;" NONE   ";0;14;0;0;400
10;13;" Orange ";787;988;904;400;1258
10;13;" Green  ";1528;1622;1574;1258;2493
10;13;" White  ";3364;3559;3512;2493;4095
10;14;" NONE   ";0;11;0;0;445
10;14;" Orange ";880;1059;968;445;1378
10;14;" Green  ";1698;1782;1734;1378;2687
10;14;" White  ";3592;3628;3608;2687;4095
10;15;" NONE   ";0;24;0;0;435
10;15;" Orange ";847;973;913;435;1283
10;15;" Green  ";1594;1681;1630;1283;2492
10;15;" White  ";3304;3595;3528;2492;4095
11;0;" NONE   ";2;78;27;0;580
11;0;" Orange ";1082;1198;1140;580;1530
11;0;" Green  ";1863;2015;1945;1530;2803
11;0;" White  ";3592;3642;3624;2803;4095
11;1;" NONE   ";0;53;5;0;558
11;1;" Orange ";1064;1242;1168;558;1629
11;1;" Green  ";2017;2193;2107;1629;2906
11;1;" White  ";3619;3656;3637;2906;4095
11;2;" NONE   ";0;23;0;0;430
11;2;" Orange ";838;1119;997;430;1379
11;2;" Green  ";1639;1762;1712;1379;2672
11;2;" White  ";3582;3618;3603;2672;4095
11;3;" NONE   ";0;30;0;0;536
11;3;" Orange ";1042;1268;1152;536;1600
11;3;" Green  ";1933;2177;2055;1600;2897
11;3;" White  ";3618;3645;3629;2897;4095
11;4;" NONE   ";0;17;0;0;451
11;4;" Orange ";885;1035;970;451;1313
11;4;" Green  ";1591;1776;1693;1313;2625
11;4;" White  ";3475;3599;3575;2625;4095
11;5;" NONE   ";0;52;2;0;434
11;5;" Orange ";816;1005;923;434;1291
11;5;" Green  ";1577;1671;1629;1291;2603
11;5;" White  ";3536;3582;3561;2603;4095
11;6;" NONE   ";0;27;0;0;401
11;6;" Orange ";775;952;867;401;1198
11;6;" Green  ";1444;1587;1521;1198;2453
11;6;" White  ";3320;3538;3459;2453;4095
11;7;" NONE   ";0;24;0;0;410
11;7;" Orange ";797;1024;930;410;1259
11;7;" Green  ";1495;1730;1615;1259;2577
11;7;" White  ";3424;3540;3497;2577;4095
11;8;" NONE   ";0;39;1;0;415
11;8;" Orange ";791;929;871;415;1203
11;8;" Green  ";1478;1660;1566;1203;2572
11;8;" White  ";3484;3561;3532;2572;4095
11;9;" NONE   ";0;72;15;0;422
11;9;" Orange ";772;902;841;422;1112
11;9;" Green  ";1323;1491;1434;1112;2293
11;9;" White  ";3096;3381;3252;2293;4095
11;10;" NONE   ";0;39;2;0;359
11;10;" Orange ";679;803;727;359;1011
11;10;" Green  ";1220;1374;1307;1011;2132
11;10;" White  ";2890;2996;2951;2132;4095
11;11;" NONE   ";0;25;0;0;384
11;11;" Orange ";743;904;825;384;1177
11;11;" Green  ";1451;1586;1508;1177;2302
11;11;" White  ";3019;3415;3342;2302;4095
11;12;" NONE   ";0;16;0;0;442
11;12;" Orange ";868;1038;941;442;1347
11;12;" Green  ";1657;1756;1692;1347;2643
11;12;" White  ";3530;3600;3579;2643;4095
11;13;" NONE   ";0;29;0;0;374
11;13;" Orange ";720;892;818;374;1095
11;13;" Green  ";1298;1427;1362;1095;2252
11;13;" White  ";3078;3252;3155;2252;4095
11;14;" NONE   ";0;29;1;0;489
11;14;" Orange ";949;1124;1026;489;1433
11;14;" Green  ";1743;1880;1801;1433;2723
11;14;" White  ";3566;3620;3596;2723;4095
11;15;" NONE   ";0;49;5;0;452
11;15;" Orange ";855;1013;944;452;1294
11;15;" Green  ";1576;1732;1656;1294;2636
11;15;" White  ";3541;3577;3553;2636;4095
12;0;" NONE   ";73;163;111;0;689
12;0;" Orange ";1216;1537;1391;689;1863
12;0;" Green  ";2190;2466;2381;1863;3012
12;0;" White  ";3558;3570;3564;3012;4095
12;1;" NONE   ";57;162;108;0;737
12;1;" Orange ";1313;1483;1399;737;1904
12;1;" Green  ";2326;2606;2486;1904;3079
12;1;" White  ";3552;3576;3563;3079;4095
12;2;" NONE   ";80;164;122;0;643
12;2;" Orange ";1123;1272;1226;643;1606
12;2;" Green  ";1941;2166;2049;1606;2847
12;2;" White  ";3529;3551;3539;2847;4095
12;3;" NONE   ";70;142;108;0;622
12;3;" Orange ";1102;1261;1183;622;1590
12;3;" Green  ";1919;2128;2044;1590;2825
12;3;" White  ";3523;3551;3538;2825;4095
12;4;" NONE   ";95;165;129;0;585
12;4;" Orange ";1005;1225;1111;585;1508
12;4;" Green  ";1792;1960;1884;1508;2708
12;4;" White  ";3456;3516;3499;2708;4095
12;5;" NONE   ";81;181;120;0;531
12;5;" Orange ";881;1037;953;531;1271
12;5;" Green  ";1506;1655;1588;1271;2457
12;5;" White  ";3260;3362;3310;2457;4095
12;6;" NONE   ";87;187;133;0;525
12;6;" Orange ";864;1018;946;525;1269
12;6;" Green  ";1521;1607;1566;1269;2343
12;6;" White  ";3080;3356;3288;2343;4095
12;7;" NONE   ";34;140;75;0;519
12;7;" Orange ";899;1052;973;519;1309
12;7;" Green  ";1566;1703;1646;1309;2570
12;7;" White  ";3437;3490;3468;2570;4095
12;8;" NONE   ";44;138;85;0;566
12;8;" Orange ";994;1187;1094;566;1466
12;8;" Green  ";1745;1936;1844;1466;2709
12;8;" White  ";3482;3518;3504;2709;4095
12;9;" NONE   ";49;159;97;0;626
12;9;" Orange ";1094;1281;1176;626;1587
12;9;" Green  ";1893;2117;2015;1587;2804
12;9;" White  ";3492;3523;3512;2804;4095
12;10;" NONE   ";76;172;113;0;521
12;10;" Orange ";871;1061;976;521;1317
12;10;" Green  ";1573;1732;1647;1317;2571
12;10;" White  ";3410;3464;3436;2571;4095
12;11;" NONE   ";36;110;66;0;550
12;11;" Orange ";991;1158;1092;550;1516
12;11;" Green  ";1874;2003;1945;1516;2744
12;11;" White  ";3485;3521;3505;2744;4095
12;12;" NONE   ";43;127;88;0;529
12;12;" Orange ";931;1112;1034;529;1378
12;12;" Green  ";1645;1792;1725;1378;2625
12;12;" White  ";3458;3496;3479;2625;4095
12;13;" NONE   ";87;151;120;0;621
12;13;" Orange ";1092;1277;1200;621;1607
12;13;" Green  ";1938;2052;1998;1607;2774
12;13;" White  ";3496;3517;3505;2774;4095
12;14;" NONE   ";61;178;98;0;631
12;14;" Orange ";1085;1218;1139;631;1546
12;14;" Green  ";1874;2072;1975;1546;2774
12;14;" White  ";3477;3514;3501;2774;4095
12;15;" NONE   ";48;152;95;0;573
12;15;" Orange ";994;1206;1120;573;1490
12;15;" Green  ";1774;2035;1918;1490;2760
12;15;" White  ";3486;3510;3499;2760;4095
13;0;" NONE   ";96;250;165;0;677
13;0;" Orange ";1105;1321;1201;677;1629
13;0;" Green  ";1938;2147;2025;1629;2877
13;0;" White  ";3607;3632;3619;2877;4095
13;1;" NONE   ";135;247;182;0;653
13;1;" Orange ";1059;1175;1109;653;1504
13;1;" Green  ";1833;1927;1872;1504;2738
13;1;" White  ";3550;3606;3592;2738;4095
13;2;" NONE   ";139;233;187;0;632
13;2;" Orange ";1032;1199;1119;632;1437
13;2;" Green  ";1675;1831;1764;1437;2694
13;2;" White  ";3558;3607;3577;2694;4095
13;3;" NONE   ";73;195;153;0;584
13;3;" Orange ";974;1132;1056;584;1386
13;3;" Green  ";1640;1793;1724;1386;2618
13;3;" White  ";3443;3561;3533;2618;4095
13;4;" NONE   ";98;193;147;0;559
13;4;" Orange ";926;1035;979;559;1322
13;4;" Green  ";1609;1727;1653;1322;2494
13;4;" White  ";3262;3537;3473;2494;4095
13;5;" NONE   ";126;278;184;0;549
13;5;" Orange ";821;934;873;549;1123
13;5;" Green  ";1313;1461;1389;1123;2055
13;5;" White  ";2649;2864;2813;2055;4095
13;6;" NONE   ";112;243;167;0;508
13;6;" Orange ";773;923;840;508;1091
13;6;" Green  ";1259;1406;1341;1091;2039
13;6;" White  ";2673;2909;2826;2039;4095
13;7;" NONE   ";62;209;141;0;560
13;7;" Orange ";911;1060;984;560;1335
13;7;" Green  ";1610;1732;1661;1335;2602
13;7;" White  ";3473;3551;3529;2602;4095
13;8;" NONE   ";83;215;147;0;505
13;8;" Orange ";795;939;890;505;1168
13;8;" Green  ";1397;1536;1464;1168;2275
13;8;" White  ";3014;3222;3166;2275;4095
13;9;" NONE   ";66;200;122;0;500
13;9;" Orange ";800;928;868;500;1149
13;9;" Green  ";1371;1497;1425;1149;2250
13;9;" White  ";3004;3126;3055;2250;4095
13;10;" NONE   ";123;276;184;0;561
13;10;" Orange ";846;966;925;561;1204
13;10;" Green  ";1443;1540;1491;1204;2255
13;10;" White  ";2970;3212;3114;2255;4095
13;11;" NONE   ";110;199;150;0;524
13;11;" Orange ";849;992;925;524;1238
13;11;" Green  ";1484;1633;1553;1238;2451
13;11;" White  ";3269;3403;3331;2451;4095
13;12;" NONE   ";86;183;140;0;526
13;12;" Orange ";869;977;929;526;1230
13;12;" Green  ";1484;1619;1559;1230;2360
13;12;" White  ";3102;3427;3318;2360;4095
13;13;" NONE   ";124;221;176;0;550
13;13;" Orange ";880;1044;981;550;1243
13;13;" Green  ";1442;1622;1532;1243;2418
13;13;" White  ";3215;3335;3273;2418;4095
13;14;" NONE   ";133;248;177;0;593
13;14;" Orange ";938;1059;1009;593;1338
13;14;" Green  ";1618;1791;1699;1338;2578
13;14;" White  ";3366;3553;3514;2578;4095
13;15;" NONE   ";141;268;201;0;586
13;15;" Orange ";905;1081;994;586;1323
13;15;" Green  ";1566;1647;1608;1323;2539
13;15;" White  ";3431;3523;3466;2539;4095
14;0;" NONE   ";135;262;196;0;653
14;0;" Orange ";1044;1250;1152;653;1556
14;0;" Green  ";1862;2042;1945;1556;2807
14;0;" White  ";3572;3605;3592;2807;4095
14;1;" NONE   ";141;221;175;0;708
14;1;" Orange ";1195;1417;1299;708;1768
14;1;" Green  ";2120;2343;2225;1768;2967
14;1;" White  ";3591;3622;3608;2967;4095
14;2;" NONE   ";137;247;192;0;686
14;2;" Orange ";1125;1399;1262;686;1674
14;2;" Green  ";1950;2127;2024;1674;2854
14;2;" White  ";3582;3613;3595;2854;4095
14;3;" NONE   ";162;261;205;0;636
14;3;" Orange ";1012;1215;1108;636;1486
14;3;" Green  ";1757;1876;1796;1486;2697
14;3;" White  ";3518;3572;3553;2697;4095
14;4;" NONE   ";156;266;214;0;640
14;4;" Orange ";1014;1177;1075;640;1427
14;4;" Green  ";1677;1879;1776;1427;2710
14;4;" White  ";3542;3564;3553;2710;4095
14;5;" NONE   ";125;255;184;0;589
14;5;" Orange ";923;1096;1014;589;1346
14;5;" Green  ";1596;1700;1651;1346;2464
14;5;" White  ";3229;3509;3454;2464;4095
14;6;" NONE   ";110;238;166;0;571
14;6;" Orange ";905;1059;982;571;1297
14;6;" Green  ";1536;1698;1606;1297;2523
14;6;" White  ";3349;3514;3403;2523;4095
14;7;" NONE   ";137;278;200;0;608
14;7;" Orange ";938;1091;1013;608;1381
14;7;" Green  ";1672;1772;1721;1381;2631
14;7;" White  ";3490;3539;3518;2631;4095
14;8;" NONE   ";136;256;196;0;590
14;8;" Orange ";924;1080;1001;590;1337
14;8;" Green  ";1594;1714;1656;1337;2533
14;8;" White  ";3353;3521;3477;2533;4095
14;9;" NONE   ";96;239;160;0;701
14;9;" Orange ";1163;1325;1233;701;1632
14;9;" Green  ";1940;2119;2029;1632;2843
14;9;" White  ";3568;3598;3582;2843;4095
14;10;" NONE   ";158;283;208;0;598
14;10;" Orange ";914;1025;987;598;1280
14;10;" Green  ";1536;1634;1583;1280;2356
14;10;" White  ";3079;3397;3313;2356;4095
14;11;" NONE   ";126;230;180;0;615
14;11;" Orange ";1001;1180;1058;615;1424
14;11;" Green  ";1669;1822;1728;1424;2670
14;11;" White  ";3519;3548;3534;2670;4095
14;12;" NONE   ";79;187;149;0;605
14;12;" Orange ";1023;1159;1085;605;1405
14;12;" Green  ";1652;1780;1719;1405;2637
14;12;" White  ";3495;3544;3527;2637;4095
14;13;" NONE   ";140;238;194;0;621
14;13;" Orange ";1005;1161;1086;621;1409
14;13;" Green  ";1658;1770;1715;1409;2573
14;13;" White  ";3377;3547;3517;2573;4095
14;14;" NONE   ";171;274;213;0;643
14;14;" Orange ";1013;1242;1146;643;1523
14;14;" Green  ";1805;1984;1881;1523;2749
14;14;" White  ";3514;3581;3556;2749;4095
14;15;" NONE   ";183;322;243;0;682
14;15;" Orange ";1043;1234;1131;682;1521
14;15;" Green  ";1808;1913;1855;1521;2730
14;15;" White  ";3547;3574;3557;2730;4095
15;0;" NONE   ";168;281;236;0;720
15;0;" Orange ";1159;1370;1245;720;1694
15;0;" Green  ";2019;2127;2074;1694;2837
15;0;" White  ";3548;3572;3559;2837;4095
15;1;" NONE   ";203;286;240;0;771
15;1;" Orange ";1257;1472;1373;771;1825
15;1;" Green  ";2179;2335;2270;1825;2944
15;1;" White  ";3553;3578;3564;2944;4095
15;2;" NONE   ";146;245;202;0;664
15;2;" Orange ";1083;1257;1164;664;1526
15;2;" Green  ";1795;1945;1867;1526;2721
15;2;" White  ";3497;3557;3535;2721;4095
15;3;" NONE   ";126;230;188;0;640
15;3;" Orange ";1050;1175;1121;640;1462
15;3;" Green  ";1750;1912;1823;1462;2706
15;3;" White  ";3501;3537;3517;2706;4095
15;4;" NONE   ";129;228;184;0;626
15;4;" Orange ";1025;1159;1083;626;1444
15;4;" Green  ";1729;1891;1804;1444;2693
15;4;" White  ";3495;3532;3518;2693;4095
15;5;" NONE   ";166;290;220;0;607
15;5;" Orange ";925;1089;1004;607;1348
15;5;" Green  ";1607;1722;1665;1348;2411
15;5;" White  ";3100;3450;3377;2411;4095
15;6;" NONE   ";147;257;191;0;556
15;6;" Orange ";855;986;919;556;1191
15;6;" Green  ";1397;1511;1456;1191;2307
15;6;" White  ";3103;3196;3152;2307;4095
15;7;" NONE   ";143;256;193;0;653
15;7;" Orange ";1050;1176;1103;653;1473
15;7;" Green  ";1770;1883;1817;1473;2675
15;7;" White  ";3468;3517;3494;2675;4095
15;8;" NONE   ";126;244;183;0;624
15;8;" Orange ";1004;1128;1070;624;1404
15;8;" Green  ";1680;1814;1760;1404;2642
15;8;" White  ";3471;3519;3502;2642;4095
15;9;" NONE   ";140;258;198;0;575
15;9;" Orange ";892;1081;1005;575;1290
15;9;" Green  ";1500;1685;1607;1290;2517
15;9;" White  ";3349;3448;3415;2517;4095
15;10;" NONE   ";157;282;198;0;564
15;10;" Orange ";846;1009;903;564;1213
15;10;" Green  ";1417;1545;1481;1213;2183
15;10;" White  ";2821;3156;3052;2183;4095
15;11;" NONE   ";127;230;173;0;568
15;11;" Orange ";906;1000;949;568;1223
15;11;" Green  ";1446;1563;1502;1223;2394
15;11;" White  ";3225;3319;3264;2394;4095
15;12;" NONE   ";113;206;163;0;545
15;12;" Orange ";885;1032;964;545;1264
15;12;" Green  ";1496;1611;1558;1264;2451
15;12;" White  ";3291;3393;3349;2451;4095
15;13;" NONE   ";160;261;217;0;627
15;13;" Orange ";993;1138;1076;627;1384
15;13;" Green  ";1631;1790;1689;1384;2512
15;13;" White  ";3234;3490;3438;2512;4095
15;14;" NONE   ";159;251;194;0;645
15;14;" Orange ";1040;1214;1135;645;1481
15;14;" Green  ";1748;1932;1844;1481;2718
15;14;" White  ";3504;3537;3516;2718;4095
15;15;" NONE   ";184;289;239;0;678
15;15;" Orange ";1067;1258;1151;678;1553
15;15;" Green  ";1848;1989;1908;1553;2747
15;15;" White  ";3505;3537;3519;2747;4095