"test_num","board","sensor","marble_color","min_value","max_value","low_threshold","high_threshold","min_range","max_range","sensor_amplitude","monitored_mean","coeff_monitored_range","coeff_full_range","Maxy ref alpha","maxy i ref","maxy cal alpha","adjusted_full_range"
0,3,0," NONE   ",0,0,0,736,1473,3143,1670,0,-0.882035928143713,0,3143,3143,3143,0
0,3,0," Red    ",1473,1526,736,1765,1473,3143,1670,1499.5,0.0158682634730539,0.477091950365892,3143,3143,3143,0.477091950365892
0,3,0," Blue   ",2004,2148,1765,2280,1473,3143,1670,2076,0.361077844311377,0.660515431116767,3143,3143,3143,0.660515431116767
0,3,0," Yellow ",2412,2479,2280,2769,1473,3143,1670,2445.5,0.582335329341317,0.778078269169583,3143,3143,3143,0.778078269169583
0,3,0," White  ",3059,3143,2769,4095,1473,3143,1670,3101,0.974850299401198,0.986636971046771,3143,3143,3143,0.986636971046771
0,3,1," NONE   ",0,0,0,684,1369,3051,1682,0,-0.813912009512485,0,3143,3051,3143,0
0,3,1," Red    ",1369,1499,684,1665,1369,3051,1682,1434,0.0386444708680143,0.470009832841691,3143,3051,3143,0.470009832841691
0,3,1," Blue   ",1831,2156,1665,2180,1369,3051,1682,1993.5,0.37128418549346,0.653392330383481,3143,3051,3143,0.653392330383481
0,3,1," Yellow ",2203,2391,2180,2674,1369,3051,1682,2297,0.551724137931034,0.752867912159948,3143,3051,3143,0.752867912159948
0,3,1," White  ",2957,3051,2674,4095,1369,3051,1682,3004,0.972057074910821,0.98459521468371,3143,3051,3143,0.98459521468371
0,3,2," NONE   ",0,0,0,644,1288,2712,1424,0,-0.904494382022472,0,3143,2712,3143,0
0,3,2," Red    ",1288,1323,644,1456,1288,2712,1424,1305.5,0.0122893258426966,0.481379056047198,3143,2712,3143,0.481379056047198
0,3,2," Blue   ",1589,1743,1456,1868,1288,2712,1424,1666,0.265449438202247,0.614306784660767,3143,2712,3143,0.614306784660767
0,3,2," Yellow ",1993,2094,1868,2330,1288,2712,1424,2043.5,0.530547752808989,0.753502949852507,3143,2712,3143,0.753502949852507
0,3,2," White  ",2566,2712,2330,4095,1288,2712,1424,2639,0.94873595505618,0.973082595870207,3143,2712,3143,0.973082595870207
0,3,3," NONE   ",0,0,0,708,1415,2992,1577,0,-0.897273303741281,0,3143,2992,3143,0
0,3,3," Red    ",1415,1443,708,1582,1415,2992,1577,1429,0.00887761572606214,0.477606951871658,3143,2992,3143,0.477606951871658
0,3,3," Blue   ",1720,2011,1582,2141,1415,2992,1577,1865.5,0.2856689917565,0.623495989304813,3143,2992,3143,0.623495989304813
0,3,3," Yellow ",2271,2324,2141,2581,1415,2992,1577,2297.5,0.559606848446417,0.767881016042781,3143,2992,3143,0.767881016042781
0,3,3," White  ",2838,2992,2581,4095,1415,2992,1577,2915,0.951173113506658,0.974264705882353,3143,2992,3143,0.974264705882353
0,3,4," NONE   ",0,0,0,580,1159,2429,1270,0,-0.91259842519685,0,3143,2429,3143,0
0,3,4," Red    ",1159,1235,580,1340,1159,2429,1270,1197,0.0299212598425197,0.492795389048991,3143,2429,3143,0.492795389048991
0,3,4," Blue   ",1446,1621,1340,1730,1159,2429,1270,1533.5,0.29488188976378,0.631329765335529,3143,2429,3143,0.631329765335529
0,3,4," Yellow ",1839,1960,1730,2154,1159,2429,1270,1899.5,0.583070866141732,0.782009057225196,3143,2429,3143,0.782009057225196
0,3,4," White  ",2347,2429,2154,4095,1159,2429,1270,2388,0.967716535433071,0.983120625771923,3143,2429,3143,0.983120625771923
0,3,5," NONE   ",0,0,0,466,933,2020,1087,0,-0.858325666973321,0,3143,2020,3143,0
0,3,5," Red    ",933,952,466,1077,933,2020,1087,942.5,0.00873965041398344,0.466584158415842,3143,2020,3143,0.466584158415842
0,3,5," Blue   ",1202,1356,1077,1476,933,2020,1087,1279,0.318307267709292,0.633168316831683,3143,2020,3143,0.633168316831683
0,3,5," Yellow ",1596,1619,1476,1738,933,2020,1087,1607.5,0.620515179392824,0.795792079207921,3143,2020,3143,0.795792079207921
0,3,5," White  ",1857,2020,1738,4095,933,2020,1087,1938.5,0.925022999080037,0.959653465346535,3143,2020,3143,0.959653465346535
0,3,6," NONE   ",0,0,0,526,1053,2113,1060,0,-0.993396226415094,0,3143,2113,3143,0
0,3,6," Red    ",1053,1091,526,1196,1053,2113,1060,1072,0.0179245283018868,0.507335541883578,3143,2113,3143,0.507335541883578
0,3,6," Blue   ",1301,1529,1196,1596,1053,2113,1060,1415,0.341509433962264,0.669663984855655,3143,2113,3143,0.669663984855655
0,3,6," Yellow ",1662,1683,1596,1888,1053,2113,1060,1672.5,0.584433962264151,0.791528632276384,3143,2113,3143,0.791528632276384
0,3,6," White  ",2092,2113,1888,4095,1053,2113,1060,2102.5,0.990094339622642,0.995030761949834,3143,2113,3143,0.995030761949834
0,3,7," NONE   ",0,0,0,618,1237,2623,1386,0,-0.892496392496392,0,3143,2623,3143,0
0,3,7," Red    ",1237,1257,618,1424,1237,2623,1386,1247,0.00721500721500721,0.475409836065574,3143,2623,3143,0.475409836065574
0,3,7," Blue   ",1591,1722,1424,1904,1237,2623,1386,1656.5,0.302669552669553,0.631528783835303,3143,2623,3143,0.631528783835303
0,3,7," Yellow ",2087,2117,1904,2338,1237,2623,1386,2102,0.624098124098124,0.801372474266107,3143,2623,3143,0.801372474266107
0,3,7," White  ",2560,2623,2338,4095,1237,2623,1386,2591.5,0.977272727272727,0.987990850171559,3143,2623,3143,0.987990850171559
0,3,8," NONE   ",0,0,0,460,920,2088,1168,0,-0.787671232876712,0,3143,2088,3143,0
0,3,8," Red    ",920,1023,460,1160,920,2088,1168,971.5,0.0440924657534247,0.465277777777778,3143,2088,3143,0.465277777777778
0,3,8," Blue   ",1298,1434,1160,1500,920,2088,1168,1366,0.381849315068493,0.654214559386973,3143,2088,3143,0.654214559386973
0,3,8," Yellow ",1565,1721,1500,1887,920,2088,1168,1643,0.619006849315068,0.786877394636015,3143,2088,3143,0.786877394636015
0,3,8," White  ",2053,2088,1887,4095,920,2088,1168,2070.5,0.985017123287671,0.99161877394636,3143,2088,3143,0.99161877394636
0,3,9," NONE   ",0,0,0,465,930,2105,1175,0,-0.791489361702128,0,3143,2105,3143,0
0,3,9," Red    ",930,1024,465,1169,930,2105,1175,977,0.04,0.464133016627078,3143,2105,3143,0.464133016627078
0,3,9," Blue   ",1314,1501,1169,1560,930,2105,1175,1407.5,0.406382978723404,0.668646080760095,3143,2105,3143,0.668646080760095
0,3,9," Yellow ",1620,1665,1560,1868,930,2105,1175,1642.5,0.606382978723404,0.780285035629454,3143,2105,3143,0.780285035629454
0,3,9," White  ",2071,2105,1868,4095,930,2105,1175,2088,0.985531914893617,0.991923990498812,3143,2105,3143,0.991923990498812
0,3,10," NONE   ",0,0,0,443,886,2004,1118,0,-0.792486583184258,0,3143,2004,3143,0
0,3,10," Red    ",886,998,443,1120,886,2004,1118,942,0.0500894454382827,0.470059880239521,3143,2004,3143,0.470059880239521
0,3,10," Blue   ",1241,1362,1120,1422,886,2004,1118,1301.5,0.371645796064401,0.649451097804391,3143,2004,3143,0.649451097804391
0,3,10," Yellow ",1481,1496,1422,1721,886,2004,1118,1488.5,0.538908765652952,0.742764471057884,3143,2004,3143,0.742764471057884
0,3,10," White  ",1946,2004,1721,4095,886,2004,1118,1975,0.974060822898032,0.985528942115768,3143,2004,3143,0.985528942115768
0,3,11," NONE   ",0,0,0,488,977,2174,1197,0,-0.816207184628237,0,3143,2174,3143,0
0,3,11," Red    ",977,1042,488,1192,977,2174,1197,1009.5,0.0271512113617377,0.464351425942962,3143,2174,3143,0.464351425942962
0,3,11," Blue   ",1341,1467,1192,1553,977,2174,1197,1404,0.35672514619883,0.645814167433303,3143,2174,3143,0.645814167433303
0,3,11," Yellow ",1639,1686,1553,1891,977,2174,1197,1662.5,0.572681704260652,0.764719411223551,3143,2174,3143,0.764719411223551
0,3,11," White  ",2096,2174,1891,4095,977,2174,1197,2135,0.967418546365915,0.982060717571297,3143,2174,3143,0.982060717571297
0,3,12," NONE   ",0,0,0,610,1219,2671,1452,0,-0.839531680440771,0,3143,2671,3143,0
0,3,12," Red    ",1219,1293,610,1510,1219,2671,1452,1256,0.0254820936639118,0.470235866716586,3143,2671,3143,0.470235866716586
0,3,12," Blue   ",1726,1838,1510,1950,1219,2671,1452,1782,0.387741046831956,0.667165855484837,3143,2671,3143,0.667165855484837
0,3,12," Yellow ",2063,2112,1950,2352,1219,2671,1452,2087.5,0.598140495867769,0.781542493448147,3143,2671,3143,0.781542493448147
0,3,12," White  ",2593,2671,2352,4095,1219,2671,1452,2632,0.973140495867769,0.985398727068514,3143,2671,3143,0.985398727068514
0,3,13," NONE   ",0,0,0,480,961,2124,1163,0,-0.826311263972485,0,3143,2124,3143,0
0,3,13," Red    ",961,999,480,1172,961,2124,1163,980,0.0163370593293207,0.461393596986817,3143,2124,3143,0.461393596986817
0,3,13," Blue   ",1345,1376,1172,1470,961,2124,1163,1360.5,0.343508168529665,0.640536723163842,3143,2124,3143,0.640536723163842
0,3,13," Yellow ",1564,1693,1470,1838,961,2124,1163,1628.5,0.573946689595873,0.766713747645951,3143,2124,3143,0.766713747645951
0,3,13," White  ",1983,2124,1838,4095,961,2124,1163,2053.5,0.939380911435941,0.96680790960452,3143,2124,3143,0.96680790960452
0,3,14," NONE   ",0,0,0,664,1328,2912,1584,0,-0.838383838383838,0,3143,2912,3143,0
0,3,14," Red    ",1328,1409,664,1589,1328,2912,1584,1368.5,0.0255681818181818,0.469951923076923,3143,2912,3143,0.469951923076923
0,3,14," Blue   ",1769,1877,1589,1961,1328,2912,1584,1823,0.3125,0.62603021978022,3143,2912,3143,0.62603021978022
0,3,14," Yellow ",2045,2317,1961,2562,1328,2912,1584,2181,0.538510101010101,0.74896978021978,3143,2912,3143,0.74896978021978
0,3,14," White  ",2806,2912,2562,4095,1328,2912,1584,2859,0.966540404040404,0.98179945054945,3143,2912,3143,0.98179945054945
0,3,15," NONE   ",0,0,0,681,1362,2792,1430,0,-0.952447552447552,0,3143,2792,3143,0
0,3,15," Red    ",1362,1402,681,1630,1362,2792,1430,1382,0.013986013986014,0.494985673352436,3143,2792,3143,0.494985673352436
0,3,15," Blue   ",1858,1940,1630,2068,1362,2792,1430,1899,0.375524475524476,0.680157593123209,3143,2792,3143,0.680157593123209
0,3,15," Yellow ",2195,2358,2068,2517,1362,2792,1430,2276.5,0.63951048951049,0.815365329512894,3143,2792,3143,0.815365329512894
0,3,15," White  ",2676,2792,2517,4095,1362,2792,1430,2734,0.959440559440559,0.979226361031519,3143,2792,3143,0.979226361031519
1,3,0," NONE   ",0,0,0,766,1531,3174,1643,0,-0.931832014607426,0,3143,3143,3174,0
1,3,0," Red    ",1531,1567,766,1792,1531,3174,1643,1549,0.0109555690809495,0.488027725267801,3143,3143,3174,0.488027725267801
1,3,0," Blue   ",2018,2130,1792,2237,1531,3174,1643,2074,0.330493000608643,0.653434152488973,3143,3143,3174,0.653434152488973
1,3,0," Yellow ",2344,2560,2237,2836,1531,3174,1643,2452,0.560559951308582,0.772526780088217,3143,3143,3174,0.772526780088217
1,3,0," White  ",3112,3174,2836,4095,1531,3174,1643,3143,0.981132075471698,0.990233144297416,3143,3143,3174,0.990233144297416
1,3,1," NONE   ",0,0,0,728,1455,3108,1653,0,-0.88021778584392,0,3143,3051,3174,0
1,3,1," Red    ",1455,1493,728,1650,1455,3108,1653,1474,0.0114942528735632,0.474259974259974,3143,3051,3174,0.478401722285936
1,3,1," Blue   ",1807,1987,1650,2058,1455,3108,1653,1897,0.267392619479734,0.61036036036036,3143,3051,3174,0.615690683294723
1,3,1," Yellow ",2129,2435,2058,2724,1455,3108,1653,2282,0.500302480338778,0.734234234234234,3143,3051,3174,0.740646357026124
1,3,1," White  ",3012,3108,2724,4095,1455,3108,1653,3060,0.970961887477314,0.984555984555985,3143,3051,3174,0.993154186021008
1,3,2," NONE   ",0,0,0,599,1198,2651,1453,0,-0.824501032346869,0,3143,2712,3174,0
1,3,2," Red    ",1198,1285,599,1480,1198,2651,1453,1241.5,0.0299380591878871,0.468313843832516,3143,2712,3174,0.453309162479809
1,3,2," Blue   ",1674,1727,1480,1887,1198,2651,1453,1700.5,0.345836200963524,0.641456054319125,3143,2712,3174,0.620903931370854
1,3,2," Yellow ",2047,2160,1887,2336,1198,2651,1453,2103.5,0.623193392980041,0.793474160694078,3143,2712,3174,0.768051408196761
1,3,2," White  ",2512,2651,2336,4095,1198,2651,1453,2581.5,0.95216792842395,0.973783477932856,3143,2712,3174,0.942583651181335
1,3,3," NONE   ",0,0,0,664,1329,2973,1644,0,-0.808394160583942,0,3143,2992,3174,0
1,3,3," Red    ",1329,1395,664,1652,1329,2973,1644,1362,0.0200729927007299,0.458123107971746,3143,2992,3174,0.450767895231645
1,3,3," Blue   ",1909,1997,1652,2124,1329,2973,1644,1953,0.37956204379562,0.656912209889001,3143,2992,3174,0.646365418052425
1,3,3," Yellow ",2252,2304,2124,2568,1329,2973,1644,2278,0.577250608272506,0.766229397914564,3143,2992,3174,0.753927507590078
1,3,3," White  ",2833,2973,2568,4095,1329,2973,1644,2903,0.957420924574209,0.976454759502186,3143,2992,3174,0.960777679777874
1,3,4," NONE   ",0,0,0,600,1201,2516,1315,0,-0.913307984790874,0,3143,2429,3174,0
1,3,4," Red    ",1201,1232,600,1370,1201,2516,1315,1216.5,0.011787072243346,0.483505564387917,3143,2429,3174,0.495931914383618
1,3,4," Blue   ",1507,1635,1370,1746,1201,2516,1315,1571,0.281368821292776,0.624403815580286,3143,2429,3174,0.640451325521301
1,3,4," Yellow ",1858,1934,1746,2185,1201,2516,1315,1896,0.52851711026616,0.753577106518283,3143,2429,3174,0.772944438694072
1,3,4," White  ",2436,2516,2185,4095,1201,2516,1315,2476,0.96958174904943,0.984101748807631,3143,2429,3174,1.00939368681779
1,3,5," NONE   ",0,0,0,460,921,2036,1115,0,-0.826008968609865,0,3143,2020,3174,0
1,3,5," Red    ",921,961,460,1147,921,2036,1115,941,0.0179372197309417,0.462180746561886,3143,2020,3174,0.461291776625678
1,3,5," Blue   ",1333,1396,1147,1411,921,2036,1115,1364.5,0.397757847533632,0.670186640471513,3143,2020,3174,0.668897586828626
1,3,5," Yellow ",1426,1604,1411,1797,921,2036,1115,1515,0.532735426008969,0.744106090373281,3143,2020,3174,0.742674858223062
1,3,5," White  ",1990,2036,1797,4095,921,2036,1115,2013,0.979372197309417,0.988703339882122,3143,2020,3174,0.986801643302326
1,3,6," NONE   ",0,0,0,516,1032,2176,1144,0,-0.902097902097902,0,3143,2113,3174,0
1,3,6," Red    ",1032,1095,516,1230,1032,2176,1144,1063.5,0.027534965034965,0.488740808823529,3143,2113,3174,0.49839704162816
1,3,6," Blue   ",1365,1498,1230,1580,1032,2176,1144,1431.5,0.349213286713287,0.657858455882353,3143,2113,3174,0.670856008547919
1,3,6," Yellow ",1661,1716,1580,1934,1032,2176,1144,1688.5,0.573863636363636,0.775965073529412,3143,2113,3174,0.791296102293511
1,3,6," White  ",2151,2176,1934,4095,1032,2176,1144,2163.5,0.989073426573427,0.994255514705882,3143,2113,3174,1.01389938839918
1,3,7," NONE   ",0,0,0,590,1181,2602,1421,0,-0.831104855735398,0,3143,2623,3174,0
1,3,7," Red    ",1181,1257,590,1410,1181,2602,1421,1219,0.0267417311752287,0.468485780169101,3143,2623,3174,0.460196036179394
1,3,7," Blue   ",1564,1688,1410,1796,1181,2602,1421,1626,0.313159746657284,0.624903920061491,3143,2623,3174,0.613846394444376
1,3,7," Yellow ",1904,2095,1796,2336,1181,2602,1421,1999.5,0.576002814919071,0.768447348193697,3143,2623,3174,0.75484985589885
1,3,7," White  ",2577,2602,2336,4095,1181,2602,1421,2589.5,0.991203377902885,0.995196003074558,3143,2623,3174,0.977586247486908
1,3,8," NONE   ",0,0,0,446,893,2134,1241,0,-0.719580983078163,0,3143,2088,3174,0
1,3,8," Red    ",893,1005,446,1164,893,2134,1241,949,0.0451248992747784,0.444704779756326,3143,2088,3174,0.450062861081537
1,3,8," Blue   ",1323,1462,1164,1513,893,2134,1241,1392.5,0.402497985495568,0.65253045923149,3143,2088,3174,0.660392554326701
1,3,8," Yellow ",1564,1659,1513,1836,893,2134,1241,1611.5,0.578968573730862,0.755154639175258,3143,2088,3174,0.764253214576287
1,3,8," White  ",2012,2134,1836,4095,893,2134,1241,2073,0.950846091861402,0.971415182755389,3143,2088,3174,0.983119400444705
1,3,9," NONE   ",0,0,0,489,978,2160,1182,0,-0.82741116751269,0,3143,2105,3174,0
1,3,9," Red    ",978,1010,489,1100,978,2160,1182,994,0.0135363790186125,0.460185185185185,3143,2105,3174,0.467597028708614
1,3,9," Blue   ",1189,1493,1100,1508,978,2160,1182,1341,0.307106598984772,0.620833333333333,3143,2105,3174,0.630832611165243
1,3,9," Yellow ",1524,1745,1508,1849,978,2160,1182,1634.5,0.555414551607445,0.756712962962963,3143,2105,3174,0.768900747911699
1,3,9," White  ",1953,2160,1849,4095,978,2160,1182,2056.5,0.91243654822335,0.952083333333333,3143,2105,3174,0.967417796317167
1,3,10," NONE   ",0,0,0,454,908,1973,1065,0,-0.852582159624413,0,3143,2004,3174,0
1,3,10," Red    ",908,1003,454,1118,908,1973,1065,955.5,0.0446009389671362,0.484287886467309,3143,2004,3174,0.472139605477137
1,3,10," Blue   ",1232,1416,1118,1466,908,1973,1065,1324,0.390610328638498,0.671059300557527,3143,2004,3174,0.654225889745399
1,3,10," Yellow ",1515,1608,1466,1778,908,1973,1065,1561.5,0.613615023474178,0.791434363912823,3143,2004,3174,0.771581364680846
1,3,10," White  ",1948,1973,1778,4095,908,1973,1065,1960.5,0.988262910798122,0.993664470349721,3143,2004,3174,0.968738562572398
1,3,11," NONE   ",0,0,0,500,1000,2169,1169,0,-0.855431993156544,0,3143,2174,3174,0
1,3,11," Red    ",1000,1061,500,1184,1000,2169,1169,1030.5,0.0260906757912746,0.475103734439834,3143,2174,3174,0.469381442133619
1,3,11," Blue   ",1308,1432,1184,1485,1000,2169,1169,1370,0.316509837467921,0.631627478100507,3143,2174,3174,0.624019966737562
1,3,11," Yellow ",1538,1726,1485,1934,1000,2169,1169,1632,0.540633019674936,0.752420470262794,3143,2174,3174,0.743358091763286
1,3,11," White  ",2142,2169,1934,4095,1000,2169,1169,2155.5,0.988451668092387,0.993775933609959,3143,2174,3174,0.981806597301325
1,3,12," NONE   ",0,0,0,632,1263,2694,1431,0,-0.882599580712788,0,3143,2671,3174,0
1,3,12," Red    ",1263,1295,632,1428,1263,2694,1431,1279,0.0111809923130678,0.474758723088345,3143,2671,3174,0.474170045509695
1,3,12," Blue   ",1560,1846,1428,1938,1263,2694,1431,1703,0.307477288609364,0.632145508537491,3143,2671,3174,0.631361679048484
1,3,12," Yellow ",2030,2048,1938,2310,1263,2694,1431,2039,0.542278127183788,0.756867112100965,3143,2671,3174,0.755928633928279
1,3,12," White  ",2571,2694,2310,4095,1263,2694,1431,2632.5,0.957023060796646,0.9771714922049,3143,2671,3174,0.975959847384107
1,3,13," NONE   ",0,0,0,470,939,2105,1166,0,-0.805317324185249,0,3143,2124,3174,0
1,3,13," Red    ",939,1061,470,1178,939,2105,1166,1000,0.0523156089193825,0.475059382422803,3143,2124,3174,0.466211461533624
1,3,13," Blue   ",1295,1443,1178,1522,939,2105,1166,1369,0.368782161234991,0.650356294536817,3143,2124,3174,0.638243490839531
1,3,13," Yellow ",1602,1639,1522,1842,939,2105,1166,1620.5,0.584476843910806,0.769833729216152,3143,2124,3174,0.755495673415237
1,3,13," White  ",2045,2105,1842,4095,939,2105,1166,2075,0.974271012006861,0.985748218527316,3143,2124,3174,0.967388782682269
1,3,14," NONE   ",0,0,0,660,1321,2898,1577,0,-0.837666455294864,0,3143,2912,3174,0
1,3,14," Red    ",1321,1382,660,1528,1321,2898,1577,1351.5,0.0193405199746354,0.466356107660455,3143,2912,3174,0.459581076414134
1,3,14," Blue   ",1675,2027,1528,2132,1321,2898,1577,1851,0.336081166772353,0.63871635610766,3143,2912,3174,0.629437345499491
1,3,14," Yellow ",2237,2269,2132,2450,1321,2898,1577,2253,0.590995561192137,0.777432712215321,3143,2912,3174,0.766138486985604
1,3,14," White  ",2630,2898,2450,4095,1321,2898,1577,2764,0.915028535193405,0.95376121463078,3143,2912,3174,0.939905360864718
1,3,15," NONE   ",0,0,0,666,1332,2902,1570,0,-0.848407643312102,0,3143,2792,3174,0
1,3,15," Red    ",1332,1364,666,1548,1332,2902,1570,1348,0.0101910828025478,0.464507236388697,3143,2792,3174,0.478092506630701
1,3,15," Blue   ",1732,1914,1548,2058,1332,2902,1570,1823,0.312738853503185,0.628187456926258,3143,2792,3174,0.646559821652647
1,3,15," Yellow ",2202,2247,2058,2513,1332,2902,1570,2224.5,0.568471337579618,0.766540317022743,3143,2792,3174,0.788959036350144
1,3,15," White  ",2779,2902,2513,4095,1332,2902,1570,2840.5,0.960828025477707,0.978807718814611,3143,2792,3174,1.00743454383124
2,3,0," NONE   ",0,0,0,710,1419,3217,1798,0,-0.789210233592881,0,3143,3143,3217,0
2,3,0," Red    ",1419,1625,710,1870,1419,3217,1798,1522,0.057285873192436,0.473111594653404,3143,3143,3217,0.473111594653404
2,3,0," Blue   ",2114,2270,1870,2354,1419,3217,1798,2192,0.42992213570634,0.681380167858253,3143,3143,3217,0.681380167858253
2,3,0," Yellow ",2438,2491,2354,2834,1419,3217,1798,2464.5,0.581479421579533,0.766086415915449,3143,3143,3217,0.766086415915449
2,3,0," White  ",3176,3217,2834,4095,1419,3217,1798,3196.5,0.988598442714127,0.993627603357165,3143,3143,3217,0.993627603357165
2,3,1," NONE   ",0,0,0,666,1332,3073,1741,0,-0.765077541642734,0,3143,3051,3217,0
2,3,1," Red    ",1332,1476,666,1710,1332,3073,1741,1404,0.0413555427914991,0.456882525219655,3143,3051,3217,0.449591632945552
2,3,1," Blue   ",1943,2010,1710,2175,1332,3073,1741,1976.5,0.370189546237794,0.643182557761145,3143,3051,3217,0.632918705496356
2,3,1," Yellow ",2340,2378,2175,2670,1332,3073,1741,2359,0.589890867317634,0.767653758542141,3143,3051,3217,0.755403605497548
2,3,1," White  ",2963,3073,2670,4095,1332,3073,1741,3018,0.968408960367605,0.982102180279857,3143,3051,3217,0.966429877656464
2,3,2," NONE   ",0,0,0,623,1246,2560,1314,0,-0.948249619482496,0,3143,2712,3217,0
2,3,2," Red    ",1246,1305,623,1494,1246,2560,1314,1275.5,0.0224505327245053,0.4982421875,3143,2712,3217,0.459498499857413
2,3,2," Blue   ",1683,1877,1494,1939,1246,2560,1314,1780,0.406392694063927,0.6953125,3143,2712,3217,0.641244476476829
2,3,2," Yellow ",2001,2036,1939,2268,1246,2560,1314,2018.5,0.587899543378995,0.7884765625,3143,2712,3217,0.727164031330606
2,3,2," White  ",2500,2560,2268,4095,1246,2560,1314,2530,0.977168949771689,0.98828125,3143,2712,3217,0.911431755891223
2,3,3," NONE   ",0,0,0,694,1389,3080,1691,0,-0.8214074512123,0,3143,2992,3217,0
2,3,3," Red    ",1389,1425,694,1666,1389,3080,1691,1407,0.0106445890005914,0.456818181818182,3143,2992,3217,0.459436852848919
2,3,3," Blue   ",1907,1966,1666,2148,1389,3080,1691,1936.5,0.323772915434654,0.628733766233766,3143,2992,3217,0.632337928601231
2,3,3," Yellow ",2329,2347,2148,2644,1389,3080,1691,2338,0.5612063867534,0.759090909090909,3143,2992,3217,0.763442332594722
2,3,3," White  ",2942,3080,2644,4095,1389,3080,1691,3011,0.9591957421644,0.977597402597402,3143,2992,3217,0.98320139582665
2,3,4," NONE   ",0,0,0,594,1188,2576,1388,0,-0.855907780979827,0,3143,2429,3217,0
2,3,4," Red    ",1188,1252,594,1424,1188,2576,1388,1220,0.0230547550432277,0.47360248447205,3143,2429,3217,0.49071082210053
2,3,4," Blue   ",1595,1612,1424,1753,1188,2576,1388,1603.5,0.299351585014409,0.622476708074534,3143,2429,3217,0.644962953473935
2,3,4," Yellow ",1894,1944,1753,2210,1188,2576,1388,1919,0.526657060518732,0.744953416149068,3143,2429,3217,0.771863989845015
2,3,4," White  ",2476,2576,2210,4095,1188,2576,1388,2526,0.963976945244957,0.980590062111801,3143,2429,3217,1.01601273493929
2,3,5," NONE   ",0,0,0,472,945,2030,1085,0,-0.870967741935484,0,3143,2020,3217,0
2,3,5," Red    ",945,983,472,1108,945,2030,1085,964,0.0175115207373272,0.47487684729064,3143,2020,3217,0.466250150038318
2,3,5," Blue   ",1232,1318,1108,1434,945,2030,1085,1275,0.304147465437788,0.62807881773399,3143,2020,3217,0.616669026243625
2,3,5," Yellow ",1551,1574,1434,1766,945,2030,1085,1562.5,0.569124423963134,0.769704433497537,3143,2020,3217,0.755721845886796
2,3,5," White  ",1958,2030,1766,4095,945,2030,1085,1994,0.966820276497696,0.982266009852217,3143,2020,3217,0.964421990846893
2,3,6," NONE   ",0,0,0,518,1036,2179,1143,0,-0.906386701662292,0,3143,2113,3217,0
2,3,6," Red    ",1036,1083,518,1192,1036,2179,1143,1059.5,0.0205599300087489,0.486232216613125,3143,2113,3217,0.489885724516335
2,3,6," Blue   ",1302,1417,1192,1548,1036,2179,1143,1359.5,0.283027121609799,0.623910050481872,3143,2113,3217,0.628598058027331
2,3,6," Yellow ",1680,1754,1548,1900,1036,2179,1143,1717,0.595800524934383,0.787976135842129,3143,2113,3217,0.793896922127935
2,3,6," White  ",2047,2179,1900,4095,1036,2179,1143,2113,0.942257217847769,0.969710876548876,3143,2113,3217,0.976997202362449
2,3,7," NONE   ",0,0,0,616,1233,2612,1379,0,-0.894126178390138,0,3143,2623,3217,0
2,3,7," Red    ",1233,1266,616,1462,1233,2612,1379,1249.5,0.0119651921682379,0.478369065849923,3143,2623,3217,0.465405262810477
2,3,7," Blue   ",1659,1699,1462,1823,1233,2612,1379,1679,0.323422770123278,0.642802450229709,3143,2623,3217,0.625382502007836
2,3,7," Yellow ",1947,2011,1823,2276,1233,2612,1379,1979,0.540971718636693,0.757656967840735,3143,2623,3217,0.737124461866293
2,3,7," White  ",2540,2612,2276,4095,1233,2612,1379,2576,0.97389412617839,0.986217457886677,3143,2623,3217,0.959490961984625
2,3,8," NONE   ",0,0,0,477,954,2139,1185,0,-0.80506329113924,0,3143,2088,3217,0
2,3,8," Red    ",954,992,477,1121,954,2139,1185,973,0.0160337552742616,0.454885460495559,3143,2088,3217,0.455276953016601
2,3,8," Blue   ",1250,1442,1121,1462,954,2139,1185,1346,0.330801687763713,0.629266012155213,3143,2088,3217,0.629807583515257
2,3,8," Yellow ",1483,1682,1462,1886,954,2139,1185,1582.5,0.530379746835443,0.739831697054698,3143,2088,3217,0.740468425641081
2,3,8," White  ",2090,2139,1886,4095,954,2139,1185,2114.5,0.979324894514768,0.988546049555867,3143,2088,3217,0.989396831606992
2,3,9," NONE   ",0,0,0,474,949,2177,1228,0,-0.772801302931596,0,3143,2105,3217,0
2,3,9," Red    ",949,1016,474,1168,949,2177,1228,982.5,0.0272801302931596,0.451309141019752,3143,2105,3217,0.456009383050407
2,3,9," Blue   ",1321,1448,1168,1532,949,2177,1228,1384.5,0.354641693811075,0.635966926963711,3143,2105,3217,0.642590321458818
2,3,9," Yellow ",1617,1757,1532,1928,949,2177,1228,1687,0.600977198697068,0.77491961414791,3143,2105,3217,0.782990156952709
2,3,9," White  ",2099,2177,1928,4095,949,2177,1228,2138,0.968241042345277,0.982085438677079,3143,2105,3217,0.992313548052692
2,3,10," NONE   ",0,0,0,456,911,1933,1022,0,-0.891389432485323,0,3143,2004,3217,0
2,3,10," Red    ",911,983,456,1110,911,1933,1022,947,0.0352250489236791,0.48991205380238,3143,2004,3217,0.461684805707205
2,3,10," Blue   ",1236,1310,1110,1449,911,1933,1022,1273,0.354207436399217,0.658561821003621,3143,2004,3217,0.620617484335029
2,3,10," Yellow ",1588,1709,1449,1793,911,1933,1022,1648.5,0.721624266144814,0.852819451629591,3143,2004,3217,0.80368257888947
2,3,10," White  ",1877,1933,1793,4095,911,1933,1022,1905,0.972602739726027,0.985514743921366,3143,2004,3217,0.928732370509215
2,3,11," NONE   ",0,0,0,468,935,2192,1257,0,-0.743834526650756,0,3143,2174,3217,0
2,3,11," Red    ",935,1049,468,1192,935,2192,1257,992,0.045346062052506,0.452554744525547,3143,2174,3217,0.445805531160787
2,3,11," Blue   ",1336,1382,1192,1535,935,2192,1257,1359,0.337311058074781,0.619981751824817,3143,2174,3217,0.610735601660795
2,3,11," Yellow ",1688,1709,1535,1925,935,2192,1257,1698.5,0.607398568019093,0.774863138686131,3143,2174,3217,0.76330715189173
2,3,11," White  ",2141,2192,1925,4095,935,2192,1257,2166.5,0.979713603818616,0.988366788321168,3143,2174,3217,0.97362669683452
2,3,12," NONE   ",0,0,0,588,1177,2552,1375,0,-0.856,0,3143,2671,3217,0
2,3,12," Red    ",1177,1302,588,1465,1177,2552,1375,1239.5,0.0454545454545455,0.485697492163009,3143,2671,3217,0.453383763507397
2,3,12," Blue   ",1628,1901,1465,1962,1177,2552,1375,1764.5,0.427272727272727,0.691418495297806,3143,2671,3217,0.645418032036145
2,3,12," Yellow ",2022,2109,1962,2319,1177,2552,1375,2065.5,0.646181818181818,0.809365203761755,3143,2671,3217,0.75551767932596
2,3,12," White  ",2529,2552,2319,4095,1177,2552,1375,2540.5,0.991636363636364,0.995493730407524,3143,2671,3217,0.929262969899589
2,3,13," NONE   ",0,0,0,470,941,2109,1168,0,-0.805650684931507,0,3143,2124,3217,0
2,3,13," Red    ",941,1063,470,1188,941,2109,1168,1002,0.0522260273972603,0.475106685633001,3143,2124,3217,0.460899810154037
2,3,13," Blue   ",1312,1400,1188,1517,941,2109,1168,1356,0.355308219178082,0.642958748221906,3143,2124,3217,0.623732677214445
2,3,13," Yellow ",1634,1706,1517,1894,941,2109,1168,1670,0.624143835616438,0.791844476055002,3143,2124,3217,0.768166350256728
2,3,13," White  ",2083,2109,1894,4095,941,2109,1168,2096,0.988869863013699,0.993835941204362,3143,2124,3217,0.964117766549762
2,3,14," NONE   ",0,0,0,674,1348,3019,1671,0,-0.806702573309395,0,3143,2912,3217,0
2,3,14," Red    ",1348,1404,674,1592,1348,3019,1671,1376,0.0167564332734889,0.455780059622392,3143,2912,3217,0.46165801869874
2,3,14," Blue   ",1780,1900,1592,2063,1348,3019,1671,1840,0.29443447037702,0.60947333554157,3143,2912,3217,0.617333397097152
2,3,14," Yellow ",2226,2278,2063,2566,1348,3019,1671,2252,0.5409934171155,0.74594236502153,3143,2912,3217,0.755562396881949
2,3,14," White  ",2854,3019,2566,4095,1348,3019,1671,2936.5,0.950628366247756,0.972673070553163,3143,2912,3217,0.98521713074771
2,3,15," NONE   ",0,0,0,677,1354,3011,1657,0,-0.817139408569704,0,3143,2792,3217,0
2,3,15," Red    ",1354,1456,677,1629,1354,3011,1657,1405,0.0307785153892577,0.466622384589837,3143,2792,3217,0.491647947463912
2,3,15," Blue   ",1802,1901,1629,2096,1354,3011,1657,1851.5,0.3002414001207,0.614911989372301,3143,2792,3217,0.64789051582166
2,3,15," Yellow ",2290,2329,2096,2582,1354,3011,1657,2309.5,0.576644538322269,0.767020923281302,3143,2792,3217,0.808157248873953
2,3,15," White  ",2835,3011,2582,4095,1354,3011,1657,2923,0.946891973445987,0.970773829292594,3143,2792,3217,1.02283768714378
3,3,0," NONE   ",0,0,0,761,1522,3414,1892,0,-0.804439746300211,0,3143,3143,3414,0
3,3,0," Red    ",1522,1672,761,1934,1522,3414,1892,1597,0.0396405919661734,0.467779730521383,3143,3143,3414,0.467779730521383
3,3,0," Blue   ",2195,2236,1934,2419,1522,3414,1892,2215.5,0.36654334038055,0.648945518453427,3143,3143,3414,0.648945518453427
3,3,0," Yellow ",2602,2639,2419,3010,1522,3414,1892,2620.5,0.580602536997886,0.767574692442882,3143,3143,3414,0.767574692442882
3,3,0," White  ",3381,3414,3010,4095,1522,3414,1892,3397.5,0.991279069767442,0.995166959578207,3143,3143,3414,0.995166959578207
3,3,1," NONE   ",0,0,0,750,1500,3258,1758,0,-0.853242320819113,0,3143,3051,3414,0
3,3,1," Red    ",1500,1633,750,1832,1500,3258,1758,1566.5,0.0378270762229807,0.480816451810927,3143,3051,3414,0.472681990615694
3,3,1," Blue   ",2032,2107,1832,2304,1500,3258,1758,2069.5,0.323947667804323,0.635205647636587,3143,3051,3414,0.624459227308764
3,3,1," Yellow ",2500,2517,2304,2805,1500,3258,1758,2508.5,0.573663253697383,0.769950890116636,3143,3051,3414,0.756924847404704
3,3,1," White  ",3093,3258,2805,4095,1500,3258,1758,3175.5,0.953071672354949,0.974677716390424,3143,3051,3414,0.95818810162792
3,3,2," NONE   ",0,0,0,648,1296,2897,1601,0,-0.80949406620862,0,3143,2712,3414,0
3,3,2," Red    ",1296,1353,648,1577,1296,2897,1601,1324.5,0.0178013741411618,0.45719710044874,3143,2712,3414,0.44961743290252
3,3,2," Blue   ",1801,1901,1577,2014,1296,2897,1601,1851,0.346658338538413,0.638936831204694,3143,2712,3414,0.62834418142889
3,3,2," Yellow ",2128,2282,2014,2536,1296,2897,1601,2205,0.567770143660212,0.761132205730066,3143,2712,3414,0.748513733144626
3,3,2," White  ",2790,2897,2536,4095,1296,2897,1601,2843.5,0.966583385384135,0.981532619951674,3143,2712,3414,0.965260226846596
3,3,3," NONE   ",0,0,0,701,1402,3044,1642,0,-0.853836784409257,0,3143,2992,3414,0
3,3,3," Red    ",1402,1505,701,1718,1402,3044,1642,1453.5,0.0313641900121803,0.477496714848883,3143,2992,3414,0.447233483783352
3,3,3," Blue   ",1932,1999,1718,2226,1402,3044,1642,1965.5,0.343179049939099,0.645696452036794,3143,2992,3414,0.604772901531598
3,3,3," Yellow ",2452,2475,2226,2712,1402,3044,1642,2463.5,0.64646772228989,0.809296977660972,3143,2992,3414,0.758004600825791
3,3,3," White  ",2950,3044,2712,4095,1402,3044,1642,2997,0.971376370280146,0.984559789750329,3143,2992,3414,0.922159443342763
3,3,4," NONE   ",0,0,0,567,1134,2793,1659,0,-0.683544303797468,0,3143,2429,3414,0
3,3,4," Red    ",1134,1305,567,1508,1134,2793,1659,1219.5,0.0515370705244123,0.436627282491944,3143,2429,3414,0.462205547930289
3,3,4," Blue   ",1711,1737,1508,1916,1134,2793,1659,1724,0.355635925256178,0.617257429287504,3143,2429,3414,0.653417273170822
3,3,4," Yellow ",2094,2157,1916,2435,1134,2793,1659,2125.5,0.597649186256781,0.761009667024705,3143,2429,3414,0.805590727450454
3,3,4," White  ",2713,2793,2435,4095,1134,2793,1659,2753,0.975889089813141,0.985678481919083,3143,2429,3414,1.04342097044041
3,3,5," NONE   ",0,0,0,436,871,2152,1281,0,-0.679937548790008,0,3143,2020,3414,0
3,3,5," Red    ",871,974,436,1112,871,2152,1281,922.5,0.0402029664324746,0.428671003717472,3143,2020,3414,0.42043210252484
3,3,5," Blue   ",1251,1347,1112,1487,871,2152,1281,1299,0.334113973458236,0.603624535315985,3143,2020,3414,0.592023090709774
3,3,5," Yellow ",1627,1697,1487,1836,871,2152,1281,1662,0.617486338797814,0.772304832713755,3143,2020,3414,0.757461413979711
3,3,5," White  ",1974,2152,1836,4095,871,2152,1281,2063,0.930523028883685,0.95864312267658,3143,2020,3414,0.940218349602974
3,3,6," NONE   ",0,1,0,550,1100,2235,1135,0.5,-0.968722466960352,0.000223713646532438,3143,2113,3414,0.000217846893626672
3,3,6," Red    ",1100,1131,550,1305,1100,2235,1135,1115.5,0.0136563876651982,0.49910514541387,3143,2113,3414,0.486016419681105
3,3,6," Blue   ",1479,1495,1305,1612,1100,2235,1135,1487,0.340969162995595,0.665324384787472,3143,2113,3414,0.647876661645722
3,3,6," Yellow ",1729,1760,1612,1954,1100,2235,1135,1744.5,0.56784140969163,0.780536912751678,3143,2113,3414,0.760067811863458
3,3,6," White  ",2148,2235,1954,4095,1100,2235,1135,2191.5,0.961674008810573,0.980536912751678,3143,2113,3414,0.954822934765703
3,3,7," NONE   ",0,0,0,610,1221,2674,1453,0,-0.840330350997935,0,3143,2623,3414,0
3,3,7," Red    ",1221,1341,610,1493,1221,2674,1453,1281,0.0412938747419133,0.479057591623037,3143,2623,3414,0.449605591204479
3,3,7," Blue   ",1645,1698,1493,1878,1221,2674,1453,1671.5,0.310048176187199,0.62509349289454,3143,2623,3414,0.586663345588046
3,3,7," Yellow ",2057,2078,1878,2324,1221,2674,1453,2067.5,0.582587749483827,0.773186237845924,3143,2623,3414,0.725651490878424
3,3,7," White  ",2570,2674,2324,4095,1221,2674,1453,2622,0.964211975223675,0.980553477935677,3143,2623,3414,0.92026999230144
3,3,8," NONE   ",0,27,0,530,1032,2116,1084,13.5,-0.939575645756458,0.00637996219281664,3143,2088,3414,0.00595229077025635
3,3,8," Red    ",1032,1084,530,1221,1032,2116,1084,1058,0.0239852398523985,0.5,3143,2088,3414,0.466483232217127
3,3,8," Blue   ",1358,1424,1221,1569,1032,2116,1084,1391,0.331180811808118,0.657372400756144,3143,2088,3414,0.613306404550117
3,3,8," Yellow ",1714,1750,1569,1922,1032,2116,1084,1732,0.645756457564576,0.818525519848771,3143,2088,3414,0.763656860302518
3,3,8," White  ",2093,2116,1922,4095,1032,2116,1084,2104.5,0.989391143911439,0.994565217391304,3143,2088,3414,0.927895994518851
3,3,9," NONE   ",0,0,0,512,1025,2196,1171,0,-0.87532023911187,0,3143,2105,3414,0
3,3,9," Red    ",1025,1059,512,1165,1025,2196,1171,1042,0.0145175064047822,0.474499089253188,3143,2105,3414,0.455718315111592
3,3,9," Blue   ",1271,1626,1165,1606,1025,2196,1171,1448.5,0.361656703672075,0.659608378870674,3143,2105,3414,0.633500939960787
3,3,9," Yellow ",1586,1673,1606,1911,1025,2196,1171,1629.5,0.516225448334757,0.742030965391621,3143,2105,3414,0.712661223103972
3,3,9," White  ",2149,2196,1911,4095,1025,2196,1171,2172.5,0.979931682322801,0.989298724954463,3143,2105,3414,0.950142072533525
3,3,10," NONE   ",0,9,0,511,1013,2099,1086,4.5,-0.928637200736648,0.00214387803716055,3143,2004,3414,0.00206726266272376
3,3,10," Red    ",1013,1072,511,1192,1013,2099,1086,1042.5,0.0271639042357274,0.496665078608861,3143,2004,3414,0.478915850197671
3,3,10," Blue   ",1311,1418,1192,1455,1013,2099,1086,1364.5,0.32366482504604,0.650071462601239,3143,2004,3414,0.626839978508127
3,3,10," Yellow ",1492,1662,1455,1833,1013,2099,1086,1577,0.519337016574586,0.751310147689376,3143,2004,3414,0.724460715358972
3,3,10," White  ",2004,2099,1833,4095,1013,2099,1086,2051.5,0.956261510128913,0.977370176274416,3143,2004,3414,0.942442078350621
3,3,11," NONE   ",0,0,0,528,1055,2323,1268,0,-0.832018927444795,0,3143,2174,3414,0
3,3,11," Red    ",1055,1082,528,1232,1055,2323,1268,1068.5,0.0106466876971609,0.459965561773569,3143,2174,3414,0.452476315124314
3,3,11," Blue   ",1381,1494,1232,1544,1055,2323,1268,1437.5,0.301656151419558,0.618811881188119,3143,2174,3414,0.608736268592607
3,3,11," Yellow ",1593,1819,1544,2048,1055,2323,1268,1706,0.513406940063091,0.7343951786483,3143,2174,3414,0.722437616847992
3,3,11," White  ",2277,2323,2048,4095,1055,2323,1268,2300,0.98186119873817,0.99009900990099,3143,2174,3414,0.973978029748171
3,3,12," NONE   ",0,0,0,638,1275,2871,1596,0,-0.798872180451128,0,3143,2671,3414,0
3,3,12," Red    ",1275,1346,638,1561,1275,2871,1596,1310.5,0.0222431077694236,0.456461163357715,3143,2671,3414,0.451693666947625
3,3,12," Blue   ",1776,2008,1561,2082,1275,2871,1596,1892,0.386591478696742,0.659003831417625,3143,2671,3414,0.652120883529116
3,3,12," Yellow ",2155,2228,2082,2448,1275,2871,1596,2191.5,0.574248120300752,0.763322884012539,3143,2671,3414,0.755350378569798
3,3,12," White  ",2668,2871,2448,4095,1275,2871,1596,2769.5,0.93640350877193,0.964646464646465,3143,2671,3414,0.954571240451314
3,3,13," NONE   ",0,0,0,530,1061,2232,1171,0,-0.906063193851409,0,3143,2124,3414,0
3,3,13," Red    ",1061,1143,530,1277,1061,2232,1171,1102,0.0350128095644748,0.493727598566308,3143,2124,3414,0.477647981006535
3,3,13," Blue   ",1411,1458,1277,1556,1061,2232,1171,1434.5,0.318958155422716,0.642697132616487,3143,2124,3414,0.62176590631023
3,3,13," Yellow ",1653,1691,1556,1921,1061,2232,1171,1672,0.521776259607173,0.74910394265233,3143,2124,3414,0.724707281527156
3,3,13," White  ",2151,2232,1921,4095,1061,2232,1171,2191.5,0.965414175918019,0.981854838709677,3143,2124,3414,0.949877994896389
3,3,14," NONE   ",0,0,0,720,1441,3082,1641,0,-0.87812309567337,0,3143,2912,3414,0
3,3,14," Red    ",1441,1459,720,1692,1441,3082,1641,1450,0.00548446069469835,0.470473718364698,3143,2912,3414,0.458413602361318
3,3,14," Blue   ",1925,2025,1692,2201,1441,3082,1641,1975,0.325411334552102,0.640817650876054,3143,2912,3414,0.624390941147312
3,3,14," Yellow ",2377,2402,2201,2720,1441,3082,1641,2389.5,0.578001218769043,0.775308241401687,3143,2912,3414,0.755434001960254
3,3,14," White  ",3039,3082,2720,4095,1441,3082,1641,3060.5,0.986898232784887,0.993024010382868,3143,2912,3414,0.967568848294354
3,3,15," NONE   ",0,0,0,740,1481,3085,1604,0,-0.923316708229426,0,3143,2792,3414,0
3,3,15," Red    ",1481,1560,740,1708,1481,3085,1604,1520.5,0.0246259351620948,0.492868719611021,3143,2792,3414,0.501362531746072
3,3,15," Blue   ",1857,1979,1708,2177,1481,3085,1604,1918,0.272443890274314,0.621717990275527,3143,2792,3414,0.632432315612605
3,3,15," Yellow ",2375,2520,2177,2785,1481,3085,1604,2447.5,0.602556109725686,0.793354943273906,3143,2792,3414,0.807027159781987
3,3,15," White  ",3050,3085,2785,4095,1481,3085,1604,3067.5,0.989089775561097,0.994327390599676,3143,2792,3414,1.01146304908325
