none,orange,red,green,blue,white
0,1215,1704,2121,3111,3727
3,1029,1481,1862,2612,3686
13,869,1226,1543,2134,3223
0,879,1236,1594,2261,3572
0,853,1187,1472,2156,3322
13,682,969,1183,1651,2563
5,638,896,1120,1532,2336
0,814,1102,1384,1990,3155
0,911,1255,1612,2335,3569
0,827,1162,1455,2088,3216
1,673,966,1205,1731,2657
0,702,1005,1305,1849,2924
0,910,1226,1616,2304,3534
0,842,1216,1523,2148,3260
0,881,1276,1638,2331,3556
0,885,1194,1468,2125,3246
11,1389,1836,2308,3297,3711
1,1129,1599,1991,2850,3686
10,1191,1684,2123,3007,3686
0,1274,1741,2280,3253,3700
0,1035,1431,1796,2628,3657
2,856,1218,1513,2155,3330
1,977,1324,1654,2375,3566
0,969,1382,1737,2522,3645
1,1060,1477,1888,2696,3664
0,892,1242,1574,2205,3377
1,853,1198,1501,2149,3309
1,951,1298,1636,2331,3517
1,965,1348,1735,2467,3611
2,990,1401,1731,2488,3606
0,992,1391,1734,2428,3628
1,1148,1556,1942,2826,3661
0,1188,1613,2065,2975,3727
0,1102,1591,1998,2944,3727
0,948,1357,1696,2461,3656
0,1108,1528,1984,2833,3716
156,1167,1540,2089,3182,2282
758,473,1170,1545,2096,3193
0,892,1215,1524,2185,3277
0,951,1311,1670,2412,3652
0,969,1365,1742,2537,3678
0,782,1095,1411,2020,3147
0,847,1235,1572,2283,3517
0,933,1265,1627,2509,3669
0,1014,1415,1832,2694,3691
0,919,1322,1681,2463,3644
0,1127,1565,2024,2993,3715
0,951,1299,1610,2349,3574
0,515,794,1026,1535,2479
0,495,781,1034,1548,2496
0,398,653,889,1302,2079
0,426,714,962,1434,2286
0,389,611,847,1297,2161
0,200,436,623,982,1627
0,287,509,699,1080,1713
0,400,660,902,1351,2149
0,279,503,700,1065,1702
0,299,512,687,1060,1686
0,283,509,682,1058,1674
0,291,482,694,1066,1766
0,347,609,856,1280,2019
0,266,493,702,1051,1671
0,451,684,935,1404,2234
0,441,685,906,1381,2182
0,1326,1831,2382,3398,3765
0,1401,1977,2489,3611,3767
0,1106,1532,1964,2814,3729
0,1123,1570,2034,3005,3735
0,1103,1495,1925,2812,3728
0,819,1200,1512,2193,3415
0,932,1340,1675,2403,3627
0,979,1413,1793,2635,3711
0,1064,1517,1967,2911,3726
0,844,1241,1578,2308,3535
0,851,1208,1558,2236,3415
0,956,1313,1678,2479,3667
0,1098,1553,2017,2938,3721
0,1127,1614,2069,3016,3730
0,1224,1678,2189,3212,3738
0,1063,1496,1937,2805,3720
0,1157,1667,2165,3152,3491
0,1252,1751,2225,3269,3490
0,921,1379,1756,2544,3455
0,989,1463,1904,2834,3468
0,950,1332,1745,2614,3455
0,744,1108,1419,2095,3298
0,768,1173,1533,2253,3382
0,879,1269,1636,2460,3423
0,1017,1490,1942,2872,3456
0,733,1151,1473,2150,3353
0,810,1169,1530,2264,3398
0,852,1261,1630,2457,3429
0,945,1424,1845,2766,3447
0,843,1296,1690,2477,3430
0,971,1397,1816,2699,3438
0,1072,1519,1967,2852,3447
0,1009,1462,1908,2770,3351
0,1121,1609,2078,3096,3361
0,1051,1569,2049,3034,3357
0,1184,1739,2240,3264,3360
0,991,1419,1839,2799,3343
0,909,1302,1670,2469,3327
0,842,1273,1663,2485,3315
0,905,1334,1722,2567,3319
0,895,1296,1671,2476,3310
0,1013,1522,1978,2968,3336
0,930,1318,1727,2642,3335
0,1034,1537,2044,3058,3343
0,1009,1504,1992,3011,3339
0,1058,1621,2089,3136,3341
0,1062,1553,2008,3013,3332
0,949,1430,1835,2731,3322
0,1138,1601,2062,3025,3439
0,1138,1603,2057,3028,3435
0,924,1393,1798,2650,3418
0,850,1265,1641,2444,3402
0,828,1235,1584,2337,3377
0,743,1113,1414,2108,3316
0,663,991,1285,1914,3112
0,851,1257,1630,2454,3386
0,779,1129,1478,2211,3333
0,813,1190,1538,2302,3365
0,710,1070,1397,2085,3310
0,718,1082,1416,2120,3250
0,791,1166,1519,2261,3360
0,756,1193,1549,2306,3368
0,880,1303,1647,2513,3393
0,782,1180,1510,2147,3329
0,1112,1596,2037,2897,3300
0,1191,1711,2208,3140,3314
0,962,1378,1744,2513,3275
0,1112,1572,2031,3010,3304
0,919,1337,1729,2485,3274
0,947,1344,1695,2475,3270
0,1028,1421,1803,2666,3276
0,1147,1678,2131,3141,3295
0,1073,1509,1970,2861,3286
0,951,1354,1715,2519,3263
0,863,1217,1575,2286,3247
0,956,1409,1782,2644,3278
0,1001,1425,1833,2666,3277
0,1008,1489,1926,2831,3280
0,837,1215,1557,2267,3247
0,1137,1580,2017,2939,3280
0,1157,1609,2051,2922,3346
0,1087,1519,1987,2830,3340
0,932,1371,1749,2513,3316
0,1004,1473,1875,2762,3335
0,852,1197,1536,2241,3260
0,883,1214,1553,2205,3257
0,827,1154,1481,2161,3224
0,771,1175,1524,2261,3264
0,804,1178,1514,2207,3251
0,891,1240,1595,2379,3291
0,849,1234,1586,2318,3284
0,824,1186,1478,2154,3205
0,851,1215,1562,2270,3280
0,959,1381,1771,2604,3301
0,884,1289,1665,2422,3295
0,922,1315,1680,2460,3291
0,1062,1501,1857,2759,3437
0,976,1425,1842,2660,3434
0,917,1322,1686,2491,3419
0,852,1258,1624,2442,3409
0,754,1102,1407,2072,3229
0,684,1013,1300,1855,2907
0,721,967,1253,1834,2879
0,867,1274,1672,2494,3395
0,837,1240,1581,2370,3397
0,717,1017,1328,1979,2979
0,823,1204,1551,2263,3368
0,695,1000,1328,1927,3035
0,771,1149,1495,2214,3356
0,783,1149,1487,2175,3332
0,899,1290,1674,2451,3397
0,834,1204,1517,2210,3336
0,1020,1437,1842,2674,3418
0,1098,1562,2025,2929,3429
0,902,1270,1639,2427,3399
0,1042,1513,1954,2958,3423
0,869,1233,1578,2349,3382
0,844,1168,1547,2231,3326
0,773,1099,1385,2083,3240
0,809,1169,1525,2284,3311
0,800,1164,1471,2228,3342
0,746,1045,1353,1961,3113
0,624,918,1224,1759,2732
0,727,1087,1382,2054,3258
0,809,1244,1583,2381,3374
0,721,1034,1321,1925,3100
0,922,1342,1719,2499,3383
0,830,1200,1535,2261,3321
0,1165,1666,2129,3085,3300
0,1307,1803,2307,3201,3302
0,1090,1526,1939,2777,3283
0,1026,1524,1889,2698,3274
0,987,1370,1709,2462,3252
0,822,1127,1441,2000,3039
0,819,1120,1407,2008,3051
0,825,1166,1496,2194,3205
0,927,1294,1632,2409,3232
0,1036,1439,1829,2641,3244
0,832,1169,1503,2117,3150
0,953,1382,1763,2598,3246
0,846,1233,1585,2282,3205
0,1066,1462,1870,2709,3240
0,997,1411,1795,2592,3231
0,964,1383,1756,2526,3226
0,1067,1524,1940,2792,3420
0,1024,1414,1782,2566,3395
0,946,1351,1710,2423,3387
0,872,1241,1576,2287,3334
0,865,1228,1532,2194,3326
0,697,1007,1243,1759,2676
0,704,981,1229,1756,2680
0,859,1181,1495,2224,3305
0,766,1066,1325,1919,3001
0,709,1009,1270,1789,2865
0,770,1098,1360,1903,2948
0,788,1104,1405,2025,3162
0,808,1106,1431,2042,3196
0,806,1140,1439,2026,3108
0,887,1248,1556,2256,3325
0,835,1206,1497,2160,3289
0,999,1413,1762,2610,3389
0,1146,1605,2015,2921,3404
0,1079,1500,1912,2693,3391
0,945,1303,1650,2388,3356
0,920,1286,1625,2353,3353
0,854,1196,1491,2144,3266
0,815,1145,1464,2095,3238
0,898,1231,1547,2265,3308
0,847,1164,1459,2131,3236
0,1055,1465,1867,2670,3374
0,814,1149,1424,2024,3117
0,868,1252,1604,2304,3321
0,882,1228,1559,2295,3317
0,902,1251,1569,2245,3315
0,975,1375,1754,2550,3354
0,986,1357,1707,2477,3351
0,1061,1459,1830,2738,3292
0,1112,1588,2029,2929,3293
0,895,1322,1682,2410,3261
0,876,1200,1588,2332,3249
0,857,1219,1573,2287,3242
0,784,1117,1367,1976,3075
0,681,963,1251,1796,2796
0,904,1245,1581,2345,3214
0,874,1211,1538,2268,3228
0,752,1058,1382,1944,3032
0,691,992,1242,1760,2803
0,694,1003,1259,1902,2965
0,756,1048,1336,1947,3095
0,818,1184,1470,2142,3162
0,855,1242,1620,2318,3231
0,950,1321,1660,2427,3245